#Column	name	(A22)	Source name in the format '2CXO Jhhmmss.s{+|-}ddmmss[X]'	(master_source.name)	[""]	[]
#Column	ra	(A12)	Source position, ICRS right ascension	(master_source.ra)	[""]	[pos.eq.ra;meta.main]
#Column	dec	(A11)	Source position, ICRS declination	(master_source.dec)	[""]	[pos.eq.dec;meta.main]
#Column	pileup_flag	(A5)	ACIS pile-up fraction exceeds ~ 10% in all observations; source properties may be affected	(master_source.pileup_flag)	[""]	[]
#Column	photflux_aper_b	(E9.3)	Aperture-corrected net photon flux inferred from the source region aperture, best estimate derived from the longest block of a multi-band, flux-ordered Bayesian Block analysis of the contributing observations, and calculated by counting X-ray events; ACIS broad (0.5-7.0 keV) energy band	(master_source.photflux_aper_b)	["photon/s/cm^2"]	[]
#Column	photflux_aper_h	(E9.3)	Aperture-corrected net photon flux inferred from the source region aperture, best estimate derived from the longest block of a multi-band, flux-ordered Bayesian Block analysis of the contributing observations, and calculated by counting X-ray events; ACIS hard (2.0-7.0 keV) energy band	(master_source.photflux_aper_h)	["photon/s/cm^2"]	[]
#Column	photflux_aper_m	(E9.3)	Aperture-corrected net photon flux inferred from the source region aperture, best estimate derived from the longest block of a multi-band, flux-ordered Bayesian Block analysis of the contributing observations, and calculated by counting X-ray events; ACIS medium (1.2-2.0 keV) energy band	(master_source.photflux_aper_m)	["photon/s/cm^2"]	[]
#Column	photflux_aper_s	(E9.3)	Aperture-corrected net photon flux inferred from the source region aperture, best estimate derived from the longest block of a multi-band, flux-ordered Bayesian Block analysis of the contributing observations, and calculated by counting X-ray events; ACIS soft (0.5-1.2 keV) energy band	(master_source.photflux_aper_s)	["photon/s/cm^2"]	[]
#Column	photflux_aper_u	(E9.3)	Aperture-corrected net photon flux inferred from the source region aperture, best estimate derived from the longest block of a multi-band, flux-ordered Bayesian Block analysis of the contributing observations, and calculated by counting X-ray events; ACIS ultrasoft (0.2-0.5 keV) energy band	(master_source.photflux_aper_u)	["photon/s/cm^2"]	[]
#Column	photflux_aper_w	(E9.3)	Aperture-corrected net photon flux inferred from the source region aperture, best estimate derived from the longest block of a multi-band, flux-ordered Bayesian Block analysis of the contributing observations, and calculated by counting X-ray events; HRC wide (~0.1-10.0 keV) energy band	(master_source.photflux_aper_w)	["photon/s/cm^2"]	[]
#Column	flux_aper_b	(E9.3)	Aperture-corrected net energy flux inferred from the source region aperture, best estimate derived from the longest block of a multi-band, flux-ordered Bayesian Block analysis of the contributing observations, and calculated by counting X-ray events; ACIS broad (0.5-7.0 keV) energy band	(master_source.flux_aper_b)	["erg/s/cm^2"]	[]
#Column	flux_aper_h	(E9.3)	Aperture-corrected net energy flux inferred from the source region aperture, best estimate derived from the longest block of a multi-band, flux-ordered Bayesian Block analysis of the contributing observations, and calculated by counting X-ray events; ACIS hard (2.0-7.0 keV) energy band	(master_source.flux_aper_h)	["erg/s/cm^2"]	[]
#Column	flux_aper_m	(E9.3)	Aperture-corrected net energy flux inferred from the source region aperture, best estimate derived from the longest block of a multi-band, flux-ordered Bayesian Block analysis of the contributing observations, and calculated by counting X-ray events; ACIS medium (1.2-2.0 keV) energy band	(master_source.flux_aper_m)	["erg/s/cm^2"]	[]
#Column	flux_aper_s	(E9.3)	Aperture-corrected net energy flux inferred from the source region aperture, best estimate derived from the longest block of a multi-band, flux-ordered Bayesian Block analysis of the contributing observations, and calculated by counting X-ray events; ACIS soft (0.5-1.2 keV) energy band	(master_source.flux_aper_s)	["erg/s/cm^2"]	[]
#Column	flux_aper_u	(E9.3)	Aperture-corrected net energy flux inferred from the source region aperture, best estimate derived from the longest block of a multi-band, flux-ordered Bayesian Block analysis of the contributing observations, and calculated by counting X-ray events; ACIS ultrasoft (0.2-0.5 keV) energy band	(master_source.flux_aper_u)	["erg/s/cm^2"]	[]
#Column	flux_aper_w	(E9.3)	Aperture-corrected net energy flux inferred from the source region aperture, best estimate derived from the longest block of a multi-band, flux-ordered Bayesian Block analysis of the contributing observations, and calculated by counting X-ray events; HRC wide (~0.1-10.0 keV) energy band	(master_source.flux_aper_w)	["erg/s/cm^2"]	[]
#Column	photflux_aper_avg_b	(E9.3)	Aperture-corrected net photon flux inferred from the source region aperture, averaged over all contributing observations, and calculated by counting X-ray events; ACIS broad (0.5-7.0 keV) energy band	(master_source.photflux_aper_avg_b)	["photon/s/cm^2"]	[]
#Column	photflux_aper_avg_h	(E9.3)	Aperture-corrected net photon flux inferred from the source region aperture, averaged over all contributing observations, and calculated by counting X-ray events; ACIS hard (2.0-7.0 keV) energy band	(master_source.photflux_aper_avg_h)	["photon/s/cm^2"]	[]
#Column	photflux_aper_avg_m	(E9.3)	Aperture-corrected net photon flux inferred from the source region aperture, averaged over all contributing observations, and calculated by counting X-ray events; ACIS medium (1.2-2.0 keV) energy band	(master_source.photflux_aper_avg_m)	["photon/s/cm^2"]	[]
#Column	photflux_aper_avg_s	(E9.3)	Aperture-corrected net photon flux inferred from the source region aperture, averaged over all contributing observations, and calculated by counting X-ray events; ACIS soft (0.5-1.2 keV) energy band	(master_source.photflux_aper_avg_s)	["photon/s/cm^2"]	[]
#Column	photflux_aper_avg_u	(E9.3)	Aperture-corrected net photon flux inferred from the source region aperture, averaged over all contributing observations, and calculated by counting X-ray events; ACIS ultrasoft (0.2-0.5 keV) energy band	(master_source.photflux_aper_avg_u)	["photon/s/cm^2"]	[]
#Column	photflux_aper_avg_w	(E9.3)	Aperture-corrected net photon flux inferred from the source region aperture, averaged over all contributing observations, and calculated by counting X-ray events; HRC wide (~0.1-10.0 keV) energy band	(master_source.photflux_aper_avg_w)	["photon/s/cm^2"]	[]
#Column	flux_aper_avg_b	(E9.3)	Aperture-corrected net energy flux inferred from the source region aperture, averaged over all contributing observations, and calculated by counting X-ray events; ACIS broad (0.5-7.0 keV) energy band	(master_source.flux_aper_avg_b)	["erg/s/cm^2"]	[]
#Column	flux_aper_avg_h	(E9.3)	Aperture-corrected net energy flux inferred from the source region aperture, averaged over all contributing observations, and calculated by counting X-ray events; ACIS hard (2.0-7.0 keV) energy band	(master_source.flux_aper_avg_h)	["erg/s/cm^2"]	[]
#Column	flux_aper_avg_m	(E9.3)	Aperture-corrected net energy flux inferred from the source region aperture, averaged over all contributing observations, and calculated by counting X-ray events; ACIS medium (1.2-2.0 keV) energy band	(master_source.flux_aper_avg_m)	["erg/s/cm^2"]	[]
#Column	flux_aper_avg_s	(E9.3)	Aperture-corrected net energy flux inferred from the source region aperture, averaged over all contributing observations, and calculated by counting X-ray events; ACIS soft (0.5-1.2 keV) energy band	(master_source.flux_aper_avg_s)	["erg/s/cm^2"]	[]
#Column	flux_aper_avg_u	(E9.3)	Aperture-corrected net energy flux inferred from the source region aperture, averaged over all contributing observations, and calculated by counting X-ray events; ACIS ultrasoft (0.2-0.5 keV) energy band	(master_source.flux_aper_avg_u)	["erg/s/cm^2"]	[]
#Column	flux_aper_avg_w	(E9.3)	Aperture-corrected net energy flux inferred from the source region aperture, averaged over all contributing observations, and calculated by counting X-ray events; HRC wide (~0.1-10.0 keV) energy band	(master_source.flux_aper_avg_w)	["erg/s/cm^2"]	[]
#Column	flux_powlaw_aper_b	(E9.3)	Source region aperture model energy flux inferred from the canonical absorbed power law model [N_H = N_H(Gal); Gamma = 2.0]; ACIS broad (0.5-7.0 keV) energy band	(master_source.flux_powlaw_aper_b)	["erg/s/cm^2"]	[]
#Column	flux_powlaw_aper_h	(E9.3)	Source region aperture model energy flux inferred from the canonical absorbed power law model [N_H = N_H(Gal); Gamma = 2.0]; ACIS hard (2.0-7.0 keV) energy band	(master_source.flux_powlaw_aper_h)	["erg/s/cm^2"]	[]
#Column	flux_powlaw_aper_m	(E9.3)	Source region aperture model energy flux inferred from the canonical absorbed power law model [N_H = N_H(Gal); Gamma = 2.0]; ACIS medium (1.2-2.0 keV) energy band	(master_source.flux_powlaw_aper_m)	["erg/s/cm^2"]	[]
#Column	flux_powlaw_aper_s	(E9.3)	Source region aperture model energy flux inferred from the canonical absorbed power law model [N_H = N_H(Gal); Gamma = 2.0]; ACIS soft (0.5-1.2 keV) energy band	(master_source.flux_powlaw_aper_s)	["erg/s/cm^2"]	[]
#Column	flux_powlaw_aper_u	(E9.3)	Source region aperture model energy flux inferred from the canonical absorbed power law model [N_H = N_H(Gal); Gamma = 2.0]; ACIS ultrasoft (0.2-0.5 keV) energy band	(master_source.flux_powlaw_aper_u)	["erg/s/cm^2"]	[]
#Column	flux_powlaw_aper_w	(E9.3)	Source region aperture model energy flux inferred from the canonical absorbed power law model [N_H = N_H(Gal); Gamma = 2.0]; HRC wide (~0.1-10.0 keV) energy band	(master_source.flux_powlaw_aper_w)	["erg/s/cm^2"]	[]
#Column	flux_bb_aper_b	(E9.3)	Source region aperture model energy flux inferred from the canonical absorbed black body model [N_H = N_H(Gal); kT = 0.75 keV]; ACIS broad (0.5-7.0 keV) energy band	(master_source.flux_bb_aper_b)	["erg/s/cm^2"]	[]
#Column	flux_bb_aper_h	(E9.3)	Source region aperture model energy flux inferred from the canonical absorbed black body model [N_H = N_H(Gal); kT = 0.75 keV]; ACIS hard (2.0-7.0 keV) energy band	(master_source.flux_bb_aper_h)	["erg/s/cm^2"]	[]
#Column	flux_bb_aper_m	(E9.3)	Source region aperture model energy flux inferred from the canonical absorbed black body model [N_H = N_H(Gal); kT = 0.75 keV]; ACIS medium (1.2-2.0 keV) energy band	(master_source.flux_bb_aper_m)	["erg/s/cm^2"]	[]
#Column	flux_bb_aper_s	(E9.3)	Source region aperture model energy flux inferred from the canonical absorbed black body model [N_H = N_H(Gal); kT = 0.75 keV]; ACIS soft (0.5-1.2 keV) energy band	(master_source.flux_bb_aper_s)	["erg/s/cm^2"]	[]
#Column	flux_bb_aper_u	(E9.3)	Source region aperture model energy flux inferred from the canonical absorbed black body model [N_H = N_H(Gal); kT = 0.75 keV]; ACIS ultrasoft (0.2-0.5 keV) energy band	(master_source.flux_bb_aper_u)	["erg/s/cm^2"]	[]
#Column	flux_bb_aper_w	(E9.3)	Source region aperture model energy flux inferred from the canonical absorbed black body model [N_H = N_H(Gal); kT = 0.75 keV]; HRC wide (~0.1-10.0 keV) energy band	(master_source.flux_bb_aper_w)	["erg/s/cm^2"]	[]
#Column	flux_brems_aper_b	(E9.3)	Source region aperture model energy flux inferred from the canonical absorbed bremsstrahlung model [N_H = N_H(Gal); kT = 3.5 keV]; ACIS broad (0.5-7.0 keV) energy band	(master_source.flux_brems_aper_b)	["erg/s/cm^2"]	[]
#Column	flux_brems_aper_h	(E9.3)	Source region aperture model energy flux inferred from the canonical absorbed bremsstrahlung model [N_H = N_H(Gal); kT = 3.5 keV]; ACIS hard (2.0-7.0 keV) energy band	(master_source.flux_brems_aper_h)	["erg/s/cm^2"]	[]
#Column	flux_brems_aper_m	(E9.3)	Source region aperture model energy flux inferred from the canonical absorbed bremsstrahlung model [N_H = N_H(Gal); kT = 3.5 keV]; ACIS medium (1.2-2.0 keV) energy band	(master_source.flux_brems_aper_m)	["erg/s/cm^2"]	[]
#Column	flux_brems_aper_s	(E9.3)	Source region aperture model energy flux inferred from the canonical absorbed bremsstrahlung model [N_H = N_H(Gal); kT = 3.5 keV]; ACIS soft (0.5-1.2 keV) energy band	(master_source.flux_brems_aper_s)	["erg/s/cm^2"]	[]
#Column	flux_brems_aper_u	(E9.3)	Source region aperture model energy flux inferred from the canonical absorbed bremsstrahlung model [N_H = N_H(Gal); kT = 3.5 keV]; ACIS ultrasoft (0.2-0.5 keV) energy band	(master_source.flux_brems_aper_u)	["erg/s/cm^2"]	[]
#Column	flux_brems_aper_w	(E9.3)	Source region aperture model energy flux inferred from the canonical absorbed bremsstrahlung model [N_H = N_H(Gal); kT = 3.5 keV]; HRC wide (~0.1-10.0 keV) energy band	(master_source.flux_brems_aper_w)	["erg/s/cm^2"]	[]
#Column	flux_apec_aper_b	(E9.3)	Source region aperture model energy flux inferred from the canonical absorbed APEC model [N_H = N_H(Gal); kT = 6.5 keV]; ACIS broad (0.5-7.0 keV) energy band	(master_source.flux_apec_aper_b)	["erg/s/cm^2"]	[]
#Column	flux_apec_aper_h	(E9.3)	Source region aperture model energy flux inferred from the canonical absorbed APEC model [N_H = N_H(Gal); kT = 6.5 keV]; ACIS hard (2.0-7.0 keV) energy band	(master_source.flux_apec_aper_h)	["erg/s/cm^2"]	[]
#Column	flux_apec_aper_m	(E9.3)	Source region aperture model energy flux inferred from the canonical absorbed APEC model [N_H = N_H(Gal); kT = 6.5 keV]; ACIS medium (1.2-2.0 keV) energy band	(master_source.flux_apec_aper_m)	["erg/s/cm^2"]	[]
#Column	flux_apec_aper_s	(E9.3)	Source region aperture model energy flux inferred from the canonical absorbed APEC model [N_H = N_H(Gal); kT = 6.5 keV]; ACIS soft (0.5-1.2 keV) energy band	(master_source.flux_apec_aper_s)	["erg/s/cm^2"]	[]
#Column	flux_apec_aper_u	(E9.3)	Source region aperture model energy flux inferred from the canonical absorbed APEC model [N_H = N_H(Gal); kT = 6.5 keV]; ACIS ultrasoft (0.2-0.5 keV) energy band	(master_source.flux_apec_aper_u)	["erg/s/cm^2"]	[]
#Column	flux_apec_aper_w	(E9.3)	Source region aperture model energy flux inferred from the canonical absorbed APEC model [N_H = N_H(Gal); kT = 6.5 keV]; HRC wide (~0.1-10.0 keV) energy band	(master_source.flux_apec_aper_w)	["erg/s/cm^2"]	[]
#Column	flux_powlaw	(E9.3)	Net integrated 0.5-7.0 keV energy flux of the best fitting  absorbed power-law model spectrum to the source region aperture PI spectrum	(master_source.flux_powlaw)	["erg/s/cm^2"]	[]
#Column	powlaw_gamma	(F9.3)	Photon index, defined as F_E ~ E^(-Gamma), of the best fitting  absorbed power-law model spectrum to the source region aperture PI spectrum	(master_source.powlaw_gamma)	[""]	[]
#Column	powlaw_nh	(G9.4)	N_H column density of the best fitting  absorbed power-law model spectrum to the source region aperture PI spectrum	(master_source.powlaw_nh)	["10^20/cm^2"]	[]
#Column	powlaw_ampl	(G9.4)	Amplitude of the best fitting  absorbed power-law model spectrum to the source region aperture PI spectrum	(master_source.powlaw_ampl)	[""]	[]
#Column	powlaw_stat	(F9.3)	chi-square statistic per degree of freedom of the best fitting  absorbed power-law model spectrum to the source region aperture PI spectrum	(master_source.powlaw_stat)	[""]	[]
#Column	flux_bb	(E9.3)	Net integrated 0.5-7.0 keV energy flux of the best fitting  absorbed black body model spectrum to the source region aperture PI spectrum	(master_source.flux_bb)	["erg/s/cm^2"]	[]
#Column	bb_kt	(G9.4)	Temperature (kT) of the best fitting  absorbed black body model spectrum to the source region aperture PI spectrum	(master_source.bb_kt)	["keV"]	[]
#Column	bb_nh	(G9.4)	N_H column density of the best fitting  absorbed black body model spectrum to the source region aperture PI spectrum	(master_source.bb_nh)	["10^20/cm^2"]	[]
#Column	bb_ampl	(G9.4)	Amplitude of the best fitting  absorbed black body model spectrum to the source region aperture PI spectrum	(master_source.bb_ampl)	[""]	[]
#Column	bb_stat	(F9.3)	chi-square statistic per degree of freedom of the best fitting  absorbed black body model spectrum to the source region aperture PI spectrum	(master_source.bb_stat)	[""]	[]
#Column	flux_brems	(E9.3)	Net integrated 0.5-7.0 keV energy flux of the best fitting  absorbed bremsstrahlung model spectrum to the source region aperture PI spectrum	(master_source.flux_brems)	["erg/s/cm^2"]	[]
#Column	brems_kt	(G9.4)	Temperature (kT) of the best fitting  absorbed bremsstrahlung model spectrum to the source region aperture PI spectrum	(master_source.brems_kt)	["keV"]	[]
#Column	brems_nh	(G9.4)	N_H column density of the best fitting  absorbed bremsstrahlung model spectrum to the source region aperture PI spectrum	(master_source.brems_nh)	["10^20/cm^2"]	[]
#Column	brems_norm	(G9.4)	Amplitude of the best fitting  absorbed bremsstrahlung model spectrum to the source region aperture PI spectrum	(master_source.brems_norm)	[""]	[]
#Column	brems_stat	(F9.3)	chi-square statistic per degree of freedom of the best fitting  absorbed bremsstrahlung model spectrum to the source region aperture PI spectrum	(master_source.brems_stat)	[""]	[]
#Column	flux_apec	(E9.3)	Net integrated 0.5-7.0 keV energy flux of the best fitting  absorbed APEC model spectrum to the source region aperture PI spectrum	(master_source.flux_apec)	["erg/s/cm^2"]	[]
#Column	apec_kt	(G9.4)	Temperature (kT) of the best fitting  absorbed APEC model spectrum to the source region aperture PI spectrum	(master_source.apec_kt)	["keV"]	[]
#Column	apec_abund	(G9.4)	Abundance of the best fitting  absorbed APEC model spectrum to the source region aperture PI spectrum	(master_source.apec_abund)	[""]	[]
#Column	apec_z	(G9.4)	Redshift of the best fitting  absorbed APEC model spectrum to the source region aperture PI spectrum	(master_source.apec_z)	[""]	[]
#Column	apec_nh	(G9.4)	N_H column density of the best fitting  absorbed APEC model spectrum to the source region aperture PI spectrum	(master_source.apec_nh)	["10^20/cm^2"]	[]
#Column	apec_norm	(G9.4)	Amplitude of the best fitting  absorbed APEC model spectrum to the source region aperture PI spectrum	(master_source.apec_norm)	[""]	[]
#Column	hard_hm	(F9.4)	ACIS hard (2.0-7.0 keV) - medium (1.2-2.0 keV) energy band photon flux hardness ratio	(master_source.hard_hm)	[""]	[]
#Column	var_inter_hard_prob_hs	(F9.3)	Inter-observation ACIS hard (2.0-7.0 keV) - soft (0.5-1.2 keV) energy band photon flux hardness ratio variability probability	(master_source.var_inter_hard_prob_hs)	[""]	[]
#Column	var_inter_hard_sigma_hs	(G9.4)	Inter-observation ACIS hard (2.0-7.0 keV) - soft (0.5-1.2 keV) energy band photon flux hardness ratio variability standard deviation	(master_source.var_inter_hard_sigma_hs)	[""]	[]
#Column	hard_ms	(F9.4)	ACIS medium (1.2-2.0 keV) - soft (0.5-1.2 keV) energy band photon flux hardness ratio	(master_source.hard_ms)	[""]	[]
#Column	var_inter_hard_prob_ms	(F9.3)	Inter-observation ACIS medium (1.2-2.0 keV) - soft (0.5-1.2 keV) energy band photon flux hardness ratio variability probability	(master_source.var_inter_hard_prob_ms)	[""]	[]
#Column	var_inter_hard_sigma_ms	(G9.4)	Inter-observation ACIS medium (1.2-2.0 keV) - soft (0.5-1.2 keV) energy band photon flux hardness ratio variability standard deviation	(master_source.var_inter_hard_sigma_ms)	[""]	[]
#Column	ks_intra_prob_b	(F9.3)	Intra-observation Kolmogorov-Smirnov test variability probability (highest value across all observations); ACIS broad (0.5-7.0 keV) energy band	(master_source.ks_intra_prob_b)	[""]	[]
#Column	ks_intra_prob_h	(F9.3)	Intra-observation Kolmogorov-Smirnov test variability probability (highest value across all observations); ACIS hard (2.0-7.0 keV) energy band	(master_source.ks_intra_prob_h)	[""]	[]
#Column	ks_intra_prob_m	(F9.3)	Intra-observation Kolmogorov-Smirnov test variability probability (highest value across all observations); ACIS medium (1.2-2.0 keV) energy band	(master_source.ks_intra_prob_m)	[""]	[]
#Column	ks_intra_prob_s	(F9.3)	Intra-observation Kolmogorov-Smirnov test variability probability (highest value across all observations); ACIS soft (0.5-1.2 keV) energy band	(master_source.ks_intra_prob_s)	[""]	[]
#Column	ks_intra_prob_u	(F9.3)	Intra-observation Kolmogorov-Smirnov test variability probability (highest value across all observations); ACIS ultrasoft (0.2-0.5 keV) energy band	(master_source.ks_intra_prob_u)	[""]	[]
#Column	ks_intra_prob_w	(F9.3)	Intra-observation Kolmogorov-Smirnov test variability probability (highest value across all observations); HRC wide (~0.1-10.0 keV) energy band	(master_source.ks_intra_prob_w)	[""]	[]
name	ra	dec	pileup_flag	photflux_aper_b	photflux_aper_h	photflux_aper_m	photflux_aper_s	photflux_aper_u	photflux_aper_w	flux_aper_b	flux_aper_h	flux_aper_m	flux_aper_s	flux_aper_u	flux_aper_w	photflux_aper_avg_b	photflux_aper_avg_h	photflux_aper_avg_m	photflux_aper_avg_s	photflux_aper_avg_u	photflux_aper_avg_w	flux_aper_avg_b	flux_aper_avg_h	flux_aper_avg_m	flux_aper_avg_s	flux_aper_avg_u	flux_aper_avg_w	flux_powlaw_aper_b	flux_powlaw_aper_h	flux_powlaw_aper_m	flux_powlaw_aper_s	flux_powlaw_aper_u	flux_powlaw_aper_w	flux_bb_aper_b	flux_bb_aper_h	flux_bb_aper_m	flux_bb_aper_s	flux_bb_aper_u	flux_bb_aper_w	flux_brems_aper_b	flux_brems_aper_h	flux_brems_aper_m	flux_brems_aper_s	flux_brems_aper_u	flux_brems_aper_w	flux_apec_aper_b	flux_apec_aper_h	flux_apec_aper_m	flux_apec_aper_s	flux_apec_aper_u	flux_apec_aper_w	flux_powlaw	powlaw_gamma	powlaw_nh	powlaw_ampl	powlaw_stat	flux_bb	bb_kt	bb_nh	bb_ampl	bb_stat	flux_brems	brems_kt	brems_nh	brems_norm	brems_stat	flux_apec	apec_kt	apec_abund	apec_z	apec_nh	apec_norm	hard_hm	var_inter_hard_prob_hs	var_inter_hard_sigma_hs	hard_ms	var_inter_hard_prob_ms	var_inter_hard_sigma_ms	ks_intra_prob_b	ks_intra_prob_h	ks_intra_prob_m	ks_intra_prob_s	ks_intra_prob_u	ks_intra_prob_w
 2CXO J000701.5+730308	 00 07 01.57	+73 03 08.13	FALSE	         	         	         	         	         	8.161e-06	         	         	         	         	         	1.959e-14	1.940e-05	5.945e-06	3.172e-06	5.378e-06	4.085e-06	8.161e-06	6.003e-14	4.508e-14	7.490e-15	8.270e-15	3.605e-15	1.959e-14	         	         	         	         	         	         	         	         	         	         	         	         	         	         	         	         	         	         	         	         	         	         	         	         	         	         	         	         	         	         	         	         	         	         	         	         	         	         	         	         	         	         	         	         	         	         	         	         	         	         	         	    0.854	    0.981	    0.422	    0.373	    0.684	    0.158
 2CXO J002316.8+092323	 00 23 16.89	+09 23 23.96	FALSE	9.318e-06	5.255e-07	1.101e-06	6.098e-06	1.074e-05	         	1.737e-14	1.949e-15	2.869e-15	1.253e-14	0.000e+00	         	9.318e-06	5.255e-07	1.101e-06	6.098e-06	1.074e-05	         	1.737e-14	1.949e-15	2.869e-15	1.253e-14	0.000e+00	         	2.339e-14	         	2.670e-15	1.118e-14	4.137e-15	         	2.720e-14	         	2.765e-15	9.531e-15	1.893e-15	         	2.288e-14	         	2.685e-15	1.078e-14	3.741e-15	         	2.804e-14	         	2.711e-15	1.055e-14	3.628e-15	         	         	         	         	         	         	         	         	         	         	         	         	         	         	         	         	         	         	         	         	         	         	  -0.3198	    0.808	   0.2439	  -0.6996	    0.175	  0.03447	    0.868	         	    0.761	    0.686	    0.456	         
 2CXO J010111.0-642230	 01 01 11.09	-64 22 30.64	FALSE	1.319e-05	1.029e-06	2.765e-06	9.122e-06	         	         	3.574e-14	5.439e-15	7.053e-15	2.464e-14	         	         	1.319e-05	1.029e-06	2.765e-06	9.122e-06	         	         	3.574e-14	5.439e-15	7.053e-15	2.464e-14	         	         	3.748e-14	         	7.166e-15	1.948e-14	         	         	3.760e-14	         	7.524e-15	1.392e-14	         	         	3.551e-14	         	7.222e-15	1.803e-14	         	         	4.144e-14	         	7.292e-15	1.711e-14	         	         	         	         	         	         	         	         	         	         	         	         	         	         	         	         	         	         	         	         	         	         	         	  -0.4447	         	         	  -0.5572	         	         	    0.147	         	    0.093	    0.256	         	         
 2CXO J024818.6+602134	 02 48 18.65	+60 21 34.97	FALSE	1.992e-06	0.000e+00	0.000e+00	2.396e-06	         	         	3.911e-15	         	         	3.862e-15	         	         	1.992e-06	0.000e+00	0.000e+00	2.396e-06	         	         	3.911e-15	         	         	3.862e-15	         	         	6.923e-15	         	         	2.749e-15	         	         	6.803e-15	         	         	2.315e-15	         	         	6.526e-15	         	         	2.684e-15	         	         	8.116e-15	         	         	2.667e-15	         	         	         	         	         	         	         	         	         	         	         	         	         	         	         	         	         	         	         	         	         	         	         	   0.9981	         	         	  -0.9994	         	         	    0.600	         	         	    0.600	         	         
 2CXO J043715.8-471508	 04 37 15.82	-47 15 08.64	FALSE	3.723e-04	3.452e-05	6.110e-05	1.751e-04	4.099e-04	         	6.181e-13	1.748e-13	1.453e-13	2.992e-13	4.295e-13	         	         	         	         	2.063e-04	5.265e-04	8.057e-04	         	         	         	         	         	1.938e-12	8.077e-13	2.226e-13	1.468e-13	3.004e-13	2.316e-13	         	1.024e-12	1.924e-13	1.528e-13	2.721e-13	1.416e-13	         	8.062e-13	2.068e-13	1.478e-13	2.939e-13	2.147e-13	         	9.975e-13	2.498e-13	1.492e-13	2.908e-13	2.113e-13	         	5.563e-13	    3.184	    15.32	0.0003122	    1.218	4.276e-13	   0.2751	2.198e-07	 0.008503	    3.359	5.438e-13	    1.272	4.815e-06	0.0003460	    1.134	         	         	         	         	         	         	  -0.2773	    1.000	   0.4739	  -0.4834	    1.000	   0.1409	    0.949	    0.852	    0.962	    0.827	    0.999	    0.083
2CXO J043715.9-471509X	 04 37 15.92	-47 15 09.43	     	         	         	         	         	         	         	         	         	         	         	         	         	2.526e-05	1.031e-06	3.871e-06	1.349e-05	4.688e-05	         	3.896e-14	6.319e-15	9.186e-15	2.290e-14	6.341e-14	         	         	         	         	         	         	         	         	         	         	         	         	         	         	         	         	         	         	         	         	         	         	         	         	         	         	         	         	         	         	         	         	         	         	         	         	         	         	         	         	         	         	         	         	         	         	         	         	         	         	         	         	         	         	         	         	         	         
 2CXO J063344.1+063230	 06 33 44.14	+06 32 30.41	FALSE	4.211e-05	4.042e-06	3.369e-06	2.603e-05	3.560e-05	         	8.413e-14	2.381e-14	8.062e-15	5.153e-14	1.738e-14	         	4.211e-05	4.042e-06	3.369e-06	2.603e-05	3.560e-05	         	8.413e-14	2.381e-14	8.062e-15	5.153e-14	1.738e-14	         	1.399e-13	2.696e-14	8.417e-15	3.813e-14	2.265e-15	         	1.462e-13	2.307e-14	8.688e-15	3.495e-14	1.655e-16	         	1.327e-13	2.498e-14	8.464e-15	3.766e-14	1.489e-15	         	1.688e-13	3.039e-14	8.576e-15	3.754e-14	1.137e-15	         	6.145e-14	    3.391	3.157e-06	2.122e-05	    1.548	4.490e-14	   0.1740	2.623e-06	 0.007895	    3.803	5.082e-14	   0.4614	1.280e-06	0.0001205	    2.678	         	         	         	         	         	         	   0.0974	         	         	  -0.7708	         	         	    0.643	    0.709	    0.898	    0.752	    0.927	         
 2CXO J063354.3+174614	 06 33 54.33	+17 46 14.78	FALSE	1.255e-04	2.752e-05	2.795e-05	4.693e-05	5.595e-04	         	4.279e-13	1.992e-13	7.167e-14	1.575e-13	5.402e-13	         	1.282e-04	2.913e-05	2.739e-05	4.937e-05	3.110e-04	         	4.271e-13	2.064e-13	7.041e-14	1.606e-13	1.636e-13	         	3.768e-13	1.926e-13	7.428e-14	6.690e-14	1.228e-14	         	3.894e-13	1.692e-13	7.765e-14	5.517e-14	8.042e-16	         	3.593e-13	1.809e-13	7.481e-14	6.431e-14	7.835e-15	         	4.407e-13	2.148e-13	7.580e-14	6.246e-14	5.809e-15	         	3.210e-13	    1.868	    1.037	7.106e-05	    1.315	2.189e-13	   0.5448	2.723e-07	0.0002479	    3.939	3.045e-13	    4.357	1.267e-06	8.545e-05	    1.460	         	         	         	         	         	         	  -0.0075	    0.375	  0.03110	  -0.2548	    0.315	  0.06882	    0.963	    0.867	    0.977	    0.980	    0.919	         
 2CXO J065948.1+141421	 06 59 48.18	+14 14 21.19	FALSE	         	         	         	         	         	6.742e-03	         	         	         	         	         	1.621e-11	3.097e-04	         	4.890e-05	7.221e-05	2.001e-04	6.737e-03	8.245e-13	         	1.245e-13	1.176e-13	2.323e-13	         	         	         	         	         	         	3.969e-11	         	         	         	         	         	6.773e-11	         	         	         	         	         	4.160e-11	         	         	         	         	         	5.621e-11	         	         	         	         	         	         	         	         	         	         	         	         	         	         	         	         	         	         	         	         	         	         	         	         	         	         	         	    0.551	    0.035	    0.981	    0.352	    0.005	    0.609
 2CXO J083520.6-451034	 08 35 20.61	-45 10 34.65	FALSE	         	         	         	         	         	1.080e-02	         	         	         	         	         	2.596e-11	         	         	         	         	         	1.082e-02	         	         	         	         	         	2.603e-11	         	         	         	         	         	1.602e-10	         	         	         	         	         	1.825e-10	         	         	         	         	         	1.510e-10	         	         	         	         	         	2.047e-10	         	         	         	         	         	         	         	         	         	         	         	         	         	         	         	         	         	         	         	         	         	         	    1.000	   0.3074	         	    1.000	   0.1656	    0.890	    0.932	    0.904	    0.971	    0.939	    0.964
 2CXO J102827.8-581906	 10 28 27.87	-58 19 06.60	FALSE	2.345e-05	5.394e-06	3.740e-06	1.163e-05	         	         	6.348e-14	3.564e-14	9.206e-15	2.132e-14	         	         	2.345e-05	5.394e-06	3.740e-06	1.163e-05	         	         	6.348e-14	3.564e-14	9.206e-15	2.132e-14	         	         	9.353e-14	3.890e-14	1.054e-14	1.102e-14	         	         	8.720e-14	3.359e-14	1.093e-14	8.367e-15	         	         	8.729e-14	3.633e-14	1.061e-14	1.069e-14	         	         	1.091e-13	4.381e-14	1.082e-14	1.077e-14	         	         	         	         	         	         	         	         	         	         	         	         	         	         	         	         	         	         	         	         	         	         	         	   0.1886	         	         	  -0.5309	         	         	    0.156	    0.256	    0.924	    0.752	         	         
 2CXO J104432.8-573719	 10 44 32.86	-57 37 19.10	FALSE	1.110e-05	1.890e-06	1.489e-06	8.126e-06	         	         	3.220e-14	1.054e-14	3.691e-15	1.943e-14	         	         	1.110e-05	1.890e-06	1.489e-06	8.126e-06	         	         	3.220e-14	1.054e-14	3.691e-15	1.943e-14	         	         	3.926e-14	1.350e-14	4.097e-15	8.934e-15	         	         	3.827e-14	1.177e-14	4.260e-15	7.443e-15	         	         	3.697e-14	1.265e-14	4.124e-15	8.716e-15	         	         	4.592e-14	1.511e-14	4.194e-15	8.659e-15	         	         	         	         	         	         	         	         	         	         	         	         	         	         	         	         	         	         	         	         	         	         	         	   0.1387	         	         	  -0.7083	         	         	    0.446	    0.701	    0.776	    0.834	         	         
 2CXO J111214.8-610330	 11 12 14.88	-61 03 30.72	FALSE	1.015e-05	5.368e-06	1.648e-06	3.774e-07	0.000e+00	         	4.466e-14	4.029e-14	4.401e-15	4.664e-16	0.000e+00	         	1.015e-05	5.368e-06	1.648e-06	3.774e-07	0.000e+00	         	4.466e-14	4.029e-14	4.401e-15	4.664e-16	0.000e+00	         	4.039e-14	3.827e-14	4.438e-15	4.397e-16	         	         	3.826e-14	3.284e-14	4.584e-15	3.589e-16	         	         	3.765e-14	3.562e-14	4.464e-15	4.305e-16	         	         	4.752e-14	4.310e-14	4.548e-15	4.311e-16	         	         	4.000e-14	    1.447	    107.0	9.864e-06	    0.423	3.756e-14	    1.171	    26.35	2.552e-06	    0.683	4.030e-14	    13.58	    109.1	1.441e-05	    0.449	         	         	         	         	         	         	   0.5334	    0.162	 0.009964	   0.6221	    0.203	  0.03219	    0.584	    0.715	    0.667	    0.410	         	         
 2CXO J111914.2-612749	 11 19 14.28	-61 27 49.20	FALSE	1.559e-05	4.665e-06	5.171e-06	1.233e-06	0.000e+00	         	4.202e-14	2.788e-14	1.253e-14	1.868e-15	0.000e+00	         	1.666e-05	5.032e-06	5.581e-06	         	2.734e-07	         	4.510e-14	3.020e-14	1.357e-14	         	2.412e-16	         	6.373e-14	3.159e-14	1.308e-14	1.663e-15	         	         	6.079e-14	2.676e-14	1.344e-14	1.414e-15	         	         	5.918e-14	2.918e-14	1.314e-14	1.638e-15	         	         	7.586e-14	3.578e-14	1.336e-14	1.645e-15	         	         	3.675e-14	    3.019	    115.7	5.482e-05	    1.045	3.099e-14	   0.5679	    46.00	4.337e-05	    1.933	3.522e-14	    1.908	    84.90	3.670e-05	    1.274	         	         	         	         	         	         	  -0.0450	    0.113	  0.06247	   0.6121	    0.212	  0.08383	    0.849	    0.750	    0.587	    0.786	         	         
 2CXO J112401.1-365319	 11 24 01.13	-36 53 19.13	FALSE	1.963e-05	5.062e-06	4.056e-06	6.905e-06	1.313e-05	         	6.004e-14	3.726e-14	9.782e-15	1.427e-14	8.604e-15	         	1.963e-05	5.062e-06	4.056e-06	6.905e-06	1.313e-05	         	6.004e-14	3.726e-14	9.782e-15	1.427e-14	8.604e-15	         	5.086e-14	3.284e-14	9.885e-15	1.249e-14	4.508e-15	         	5.833e-14	2.834e-14	1.023e-14	1.059e-14	1.910e-15	         	4.957e-14	3.050e-14	9.941e-15	1.203e-14	4.065e-15	         	6.080e-14	3.686e-14	1.004e-14	1.175e-14	3.922e-15	         	         	         	         	         	         	         	         	         	         	         	         	         	         	         	         	         	         	         	         	         	         	   0.1162	         	         	  -0.2636	         	         	    0.997	    0.992	    0.996	    0.106	    0.149	         
 2CXO J112439.1-591619	 11 24 39.16	-59 16 19.46	FALSE	2.627e-04	8.492e-05	5.744e-05	3.969e-05	2.501e-05	         	8.254e-13	6.181e-13	1.511e-13	6.199e-14	1.440e-14	         	2.605e-04	8.402e-05	5.741e-05	3.957e-05	7.473e-06	         	8.113e-13	6.065e-13	1.500e-13	6.173e-14	3.327e-15	         	8.047e-13	5.945e-13	1.537e-13	5.415e-14	4.199e-16	         	8.319e-13	5.207e-13	1.613e-13	4.689e-14	2.496e-17	         	7.656e-13	5.575e-13	1.549e-13	5.279e-14	2.577e-16	         	9.523e-13	6.641e-13	1.573e-13	5.207e-14	1.867e-16	         	7.600e-13	    1.946	    53.25	0.0002780	    0.949	6.935e-13	   0.8163	1.302e-06	0.0001559	    1.974	7.556e-13	    5.751	    39.67	0.0002622	    1.019	         	         	         	         	         	         	   0.1936	    0.506	  0.03611	   0.1824	    0.833	  0.04424	    0.809	    0.922	    0.873	    0.699	    0.488	         
 2CXO J123111.3-141143	 12 31 11.30	-14 11 43.92	FALSE	5.105e-05	3.456e-06	8.157e-06	3.896e-05	         	         	1.517e-13	2.114e-14	2.105e-14	1.095e-13	         	         	5.105e-05	3.456e-06	8.157e-06	3.896e-05	         	         	1.517e-13	2.114e-14	2.105e-14	1.095e-13	         	         	1.441e-13	2.371e-14	2.112e-14	8.139e-14	         	         	1.457e-13	2.094e-14	2.220e-14	5.881e-14	         	         	1.368e-13	2.229e-14	2.129e-14	7.552e-14	         	         	1.603e-13	2.640e-14	2.150e-14	7.180e-14	         	         	         	         	         	         	         	         	         	         	         	         	         	         	         	         	         	         	         	         	         	         	         	  -0.4035	         	         	  -0.6596	         	         	    0.748	    0.801	    0.709	    0.386	         	         
 2CXO J135702.5-642929	 13 57 02.53	-64 29 29.94	FALSE	2.912e-05	5.287e-06	5.896e-06	1.173e-05	         	         	7.092e-14	3.695e-14	1.499e-14	1.980e-14	         	         	2.912e-05	5.287e-06	5.896e-06	1.173e-05	         	         	7.092e-14	3.695e-14	1.499e-14	1.980e-14	         	         	1.008e-13	3.760e-14	1.618e-14	1.401e-14	         	         	9.940e-14	3.276e-14	1.691e-14	1.195e-14	         	         	9.496e-14	3.521e-14	1.630e-14	1.371e-14	         	         	1.186e-13	4.211e-14	1.658e-14	1.367e-14	         	         	6.127e-14	    2.332	    11.93	2.220e-05	    1.260	3.726e-14	   0.3744	1.488e-06	0.0002113	    3.501	5.938e-14	    3.036	5.585e-06	2.030e-05	    1.487	         	         	         	         	         	         	  -0.0537	         	         	  -0.3348	         	         	    0.733	    0.399	    0.314	    0.982	         	         
 2CXO J141330.2-620535	 14 13 30.22	-62 05 35.97	FALSE	6.566e-06	2.106e-06	1.199e-06	1.833e-06	         	         	1.215e-14	9.227e-15	1.896e-15	1.907e-15	         	         	6.566e-06	2.106e-06	1.199e-06	1.833e-06	         	         	1.215e-14	9.227e-15	1.896e-15	1.907e-15	         	         	2.039e-14	1.132e-14	2.481e-15	         	         	         	1.850e-14	9.726e-15	2.557e-15	         	         	         	1.896e-14	1.057e-14	2.496e-15	         	         	         	2.364e-14	1.275e-14	2.553e-15	         	         	         	         	         	         	         	         	         	         	         	         	         	         	         	         	         	         	         	         	         	         	         	         	   0.2848	         	         	  -0.3073	         	         	    0.707	    0.720	    0.362	         	         	         
 2CXO J142008.1-604817	 14 20 08.19	-60 48 17.33	FALSE	9.574e-06	6.658e-06	3.151e-07	4.765e-08	0.000e+00	         	6.833e-14	6.856e-14	9.907e-16	         	0.000e+00	         	9.574e-06	6.658e-06	3.151e-07	4.765e-08	0.000e+00	         	6.833e-14	6.856e-14	9.907e-16	         	0.000e+00	         	4.198e-14	4.947e-14	9.291e-16	         	         	         	3.832e-14	4.257e-14	9.598e-16	         	         	         	3.908e-14	4.620e-14	9.350e-16	         	         	         	4.872e-14	5.571e-14	9.557e-16	         	         	         	5.219e-14	    0.034	    197.4	1.912e-06	    0.852	4.833e-14	    3.287	    119.6	2.571e-07	    0.954	5.133e-14	    100.0	    439.8	3.202e-05	    1.473	         	         	         	         	         	         	   0.9094	    0.586	 0.004473	   0.7358	    0.571	   0.2524	    0.897	    0.817	    0.846	         	         	         
 2CXO J142958.5-591136	 14 29 58.50	-59 11 36.03	FALSE	2.760e-06	1.868e-06	3.663e-07	1.358e-07	0.000e+00	         	1.809e-14	1.759e-14	9.257e-16	3.019e-16	         	         	2.760e-06	1.868e-06	3.663e-07	1.358e-07	0.000e+00	         	1.809e-14	1.759e-14	9.257e-16	3.019e-16	         	         	1.091e-14	1.274e-14	         	         	         	         	1.057e-14	1.083e-14	         	         	         	         	1.018e-14	1.178e-14	         	         	         	         	1.297e-14	1.440e-14	         	         	         	         	         	         	         	         	         	         	         	         	         	         	         	         	         	         	         	         	         	         	         	         	         	   0.6783	         	         	   0.4460	         	         	    0.295	    0.335	         	         	         	         
 2CXO J145930.2-605320	 14 59 30.25	-60 53 20.27	FALSE	8.170e-06	3.388e-06	1.667e-06	1.124e-06	         	         	3.139e-14	2.819e-14	3.853e-15	1.441e-15	         	         	8.170e-06	3.388e-06	1.667e-06	1.124e-06	         	         	3.139e-14	2.819e-14	3.853e-15	1.441e-15	         	         	2.953e-14	2.424e-14	4.726e-15	         	         	         	2.858e-14	2.110e-14	4.919e-15	         	         	         	2.775e-14	2.270e-14	4.758e-15	         	         	         	3.455e-14	2.717e-14	4.843e-15	         	         	         	         	         	         	         	         	         	         	         	         	         	         	         	         	         	         	         	         	         	         	         	         	   0.3473	         	         	   0.0999	         	         	    0.875	    0.215	    0.810	         	         	         
 2CXO J150927.1-585056	 15 09 27.16	-58 50 56.26	FALSE	6.649e-06	3.400e-06	1.029e-06	4.256e-07	         	         	2.910e-14	2.641e-14	2.779e-15	5.864e-16	         	         	6.649e-06	3.400e-06	1.029e-06	4.256e-07	         	         	2.910e-14	2.641e-14	2.779e-15	5.864e-16	         	         	2.787e-14	2.450e-14	2.885e-15	4.115e-16	         	         	2.574e-14	2.105e-14	2.974e-15	3.044e-16	         	         	2.594e-14	2.284e-14	2.902e-15	3.989e-16	         	         	3.249e-14	2.761e-14	2.960e-15	4.008e-16	         	         	2.550e-14	    1.280	    81.39	4.692e-06	    0.809	2.422e-14	    1.228	    11.06	1.320e-06	    0.899	2.632e-14	    74.36	    79.15	1.023e-05	    0.806	         	         	         	         	         	         	   0.5322	    0.072	  0.02224	   0.4147	    0.103	  0.06381	    0.675	    0.769	    0.764	    0.719	         	         
 2CXO J151355.6-590809	 15 13 55.63	-59 08 09.21	FALSE	2.903e-04	1.819e-04	2.108e-05	4.255e-06	0.000e+00	         	2.041e-12	2.035e-12	5.839e-14	5.770e-15	0.000e+00	         	3.092e-04	1.902e-04	2.330e-05	5.728e-06	         	1.440e-03	2.111e-12	2.076e-12	6.520e-14	9.065e-15	         	3.462e-12	         	         	         	         	         	         	         	         	         	         	         	         	         	         	         	         	         	         	         	         	         	         	         	         	         	         	         	         	         	         	         	         	         	         	         	         	         	         	         	         	         	         	         	         	         	         	    0.260	 0.009586	         	    0.317	  0.05786	    0.965	    0.850	    0.951	    0.711	         	    0.491
 2CXO J151419.0-494615	 15 14 19.08	-49 46 15.95	FALSE	2.616e-06	3.637e-07	6.082e-07	1.118e-06	0.000e+00	         	4.925e-15	2.554e-15	1.402e-15	1.633e-15	0.000e+00	         	2.616e-06	3.637e-07	6.082e-07	1.118e-06	0.000e+00	         	4.925e-15	2.554e-15	1.402e-15	1.633e-15	0.000e+00	         	7.324e-15	         	         	1.800e-15	         	         	8.219e-15	         	         	1.608e-15	         	         	7.080e-15	         	         	1.757e-15	         	         	8.893e-15	         	         	1.733e-15	         	         	         	         	         	         	         	         	         	         	         	         	         	         	         	         	         	         	         	         	         	         	         	  -0.2174	         	         	  -0.3385	         	         	    0.919	         	         	    0.431	         	         
 2CXO J153127.8-561055	 15 31 27.90	-56 10 55.33	FALSE	5.540e-06	2.045e-06	1.562e-06	0.000e+00	0.000e+00	         	1.872e-14	1.529e-14	4.132e-15	         	         	         	5.540e-06	2.045e-06	1.562e-06	0.000e+00	0.000e+00	         	1.872e-14	1.529e-14	4.132e-15	         	         	         	2.339e-14	         	4.502e-15	         	         	         	2.143e-14	         	4.659e-15	         	         	         	2.177e-14	         	4.531e-15	         	         	         	2.718e-14	         	4.633e-15	         	         	         	         	         	         	         	         	         	         	         	         	         	         	         	         	         	         	         	         	         	         	         	         	   0.1537	         	         	   0.9994	         	         	    0.075	         	    0.458	         	         	         
 2CXO J161436.5-223031	 16 14 36.51	-22 30 31.06	FALSE	1.493e-05	5.719e-07	2.801e-06	7.608e-06	8.108e-06	         	2.187e-14	2.495e-15	6.432e-15	1.312e-14	3.730e-15	         	1.493e-05	5.719e-07	2.801e-06	7.608e-06	8.108e-06	         	2.187e-14	2.495e-15	6.432e-15	1.312e-14	3.730e-15	         	3.600e-14	3.710e-15	6.799e-15	1.280e-14	3.235e-15	         	4.351e-14	3.201e-15	7.062e-15	1.156e-14	1.575e-15	         	3.549e-14	3.446e-15	6.842e-15	1.252e-14	2.986e-15	         	4.429e-14	4.167e-15	6.912e-15	1.238e-14	2.903e-15	         	         	         	         	         	         	         	         	         	         	         	         	         	         	         	         	         	         	         	         	         	         	  -0.6533	         	         	  -0.4660	         	         	    0.013	    0.145	    0.743	    0.233	    0.260	         
 2CXO J165839.3-532406	 16 58 39.35	-53 24 06.95	FALSE	7.368e-06	4.941e-07	1.805e-06	3.786e-06	8.667e-06	         	1.138e-14	0.000e+00	3.966e-15	6.530e-15	2.278e-15	         	7.368e-06	4.941e-07	1.805e-06	3.786e-06	8.667e-06	         	1.138e-14	0.000e+00	3.966e-15	6.530e-15	2.278e-15	         	2.124e-14	         	4.507e-15	6.252e-15	         	         	2.364e-14	         	4.653e-15	5.503e-15	         	         	2.050e-14	         	4.531e-15	6.082e-15	         	         	2.567e-14	         	4.578e-15	5.981e-15	         	         	         	         	         	         	         	         	         	         	         	         	         	         	         	         	         	         	         	         	         	         	         	  -0.5122	         	         	  -0.3760	         	         	    0.228	         	    0.588	    0.694	         	         
 2CXO J170252.4-412848	 17 02 52.49	-41 28 48.25	FALSE	2.547e-06	1.212e-06	6.842e-07	0.000e+00	0.000e+00	         	6.868e-15	5.159e-15	1.869e-15	         	         	         	2.547e-06	1.212e-06	6.842e-07	0.000e+00	0.000e+00	         	6.868e-15	5.159e-15	1.869e-15	         	         	         	1.153e-14	8.362e-15	         	         	         	         	1.057e-14	7.043e-15	         	         	         	         	1.063e-14	7.715e-15	         	         	         	         	1.362e-14	9.499e-15	         	         	         	         	         	         	         	         	         	         	         	         	         	         	         	         	         	         	         	         	         	         	         	         	         	   0.3385	         	         	   0.9994	         	         	    0.077	    0.462	         	         	         	         
 2CXO J171813.6-382517	 17 18 13.60	-38 25 17.96	FALSE	2.020e-05	7.409e-06	4.125e-06	4.496e-06	0.000e+00	         	7.847e-14	6.251e-14	1.030e-14	7.110e-15	0.000e+00	         	2.020e-05	7.409e-06	4.125e-06	4.496e-06	0.000e+00	         	7.847e-14	6.251e-14	1.030e-14	7.110e-15	0.000e+00	         	8.834e-14	5.229e-14	1.087e-14	5.249e-15	         	         	8.215e-14	4.434e-14	1.113e-14	4.117e-15	         	         	8.184e-14	4.838e-14	1.092e-14	5.126e-15	         	         	1.042e-13	5.921e-14	1.111e-14	5.128e-15	         	         	6.317e-14	    1.253	    8.833	8.672e-06	    0.997	4.947e-14	   0.8066	5.106e-07	1.206e-05	    2.103	6.419e-14	    94.45	    7.681	2.069e-05	    0.997	         	         	         	         	         	         	   0.2861	    0.119	  0.02673	  -0.0475	    0.395	  0.09953	    0.713	    0.608	    0.926	    0.326	         	         
 2CXO J174429.4-113454	 17 44 29.40	-11 34 54.92	FALSE	1.345e-05	4.248e-07	2.942e-06	6.362e-06	1.179e-06	         	1.944e-14	2.127e-15	7.037e-15	1.023e-14	4.428e-16	         	1.345e-05	4.248e-07	2.942e-06	6.362e-06	1.179e-06	         	1.944e-14	2.127e-15	7.037e-15	1.023e-14	4.428e-16	         	3.500e-14	2.768e-15	7.181e-15	1.031e-14	3.698e-16	         	4.088e-14	2.384e-15	7.451e-15	9.411e-15	1.279e-16	         	3.417e-14	2.569e-15	7.225e-15	1.011e-14	3.344e-16	         	4.299e-14	3.111e-15	7.304e-15	1.002e-14	3.166e-16	         	1.619e-14	    5.490	    66.57	5.510e-05	    1.720	1.521e-14	   0.2645	    10.82	0.0005244	    1.488	1.538e-14	   0.4893	    33.24	0.0001047	    1.565	         	         	         	         	         	         	  -0.7458	         	         	  -0.3685	         	         	    0.266	    0.362	    0.502	    0.373	    0.290	         
 2CXO J181037.3+174437	 18 10 37.31	+17 44 37.37	FALSE	7.329e-06	1.226e-06	1.904e-06	2.685e-06	3.736e-06	         	1.835e-14	1.001e-14	4.581e-15	4.752e-15	0.000e+00	         	7.329e-06	1.226e-06	1.904e-06	2.685e-06	3.736e-06	         	1.835e-14	1.001e-14	4.581e-15	4.752e-15	0.000e+00	         	1.873e-14	8.017e-15	4.658e-15	4.736e-15	         	         	2.183e-14	6.918e-15	4.824e-15	4.104e-15	         	         	1.831e-14	7.446e-15	4.685e-15	4.587e-15	         	         	2.262e-14	9.004e-15	4.728e-15	4.502e-15	         	         	         	         	         	         	         	         	         	         	         	         	         	         	         	         	         	         	         	         	         	         	         	  -0.2049	         	         	  -0.1811	         	         	    0.817	    0.981	    0.905	    0.455	         	         
 2CXO J181323.7-124600	 18 13 23.77	-12 46 00.30	FALSE	8.656e-05	6.438e-05	8.201e-06	9.169e-07	4.060e-06	         	5.424e-13	5.264e-13	2.156e-14	1.381e-15	0.000e+00	         	8.656e-05	6.438e-05	8.201e-06	9.169e-07	4.060e-06	         	5.424e-13	5.264e-13	2.156e-14	1.381e-15	0.000e+00	         	3.081e-13	4.311e-13	2.058e-14	1.259e-15	7.031e-17	         	3.111e-13	3.684e-13	2.113e-14	1.119e-15	4.161e-18	         	2.902e-13	3.994e-13	2.068e-14	1.238e-15	4.277e-17	         	3.681e-13	4.862e-13	2.095e-14	1.228e-15	3.143e-17	         	4.912e-13	    0.995	    197.0	7.038e-05	    1.076	4.786e-13	    1.543	    99.43	1.380e-05	    1.032	4.907e-13	    100.0	    236.7	0.0002525	    1.116	         	         	         	         	         	         	   0.7745	         	         	   0.7970	         	         	    0.492	    0.738	    0.107	    0.328	    0.084	         
 2CXO J182608.5-125634	 18 26 08.54	-12 56 34.58	FALSE	1.164e-05	6.817e-06	1.035e-06	2.650e-07	3.676e-06	         	6.409e-14	6.161e-14	2.717e-15	         	         	         	1.164e-05	6.817e-06	1.035e-06	2.650e-07	3.676e-06	         	6.409e-14	6.161e-14	2.717e-15	         	         	         	4.665e-14	4.957e-14	2.971e-15	2.648e-16	         	         	4.346e-14	4.282e-14	3.085e-15	2.011e-16	         	         	4.352e-14	4.633e-14	2.992e-15	2.572e-16	         	         	5.438e-14	5.573e-14	3.055e-15	2.589e-16	         	         	5.242e-14	    0.570	    88.36	3.775e-06	    0.841	5.011e-14	    1.857	    25.50	8.335e-07	    0.958	5.137e-14	    100.0	    170.5	2.481e-05	    1.210	         	         	         	         	         	         	   0.7395	         	         	   0.5709	         	         	    0.710	    0.793	    0.605	    0.796	         	         
 2CXO J183333.5-103407	 18 33 33.57	-10 34 07.90	FALSE	         	         	         	         	         	4.236e-04	         	         	         	         	         	1.019e-12	         	         	         	         	         	4.158e-04	         	         	         	         	         	         	         	         	         	         	         	7.536e-12	         	         	         	         	         	8.054e-12	         	         	         	         	         	7.010e-12	         	         	         	         	         	9.484e-12	         	         	         	         	         	         	         	         	         	         	         	         	         	         	         	         	         	         	         	         	         	         	    0.998	  0.02352	         	    0.998	   0.1322	    0.965	    0.988	    0.996	    0.998	    0.824	    0.987
 2CXO J183613.7+592530	 18 36 13.70	+59 25 30.08	FALSE	1.336e-05	1.477e-06	1.633e-06	6.228e-06	3.489e-05	         	2.568e-14	1.135e-14	4.253e-15	1.047e-14	2.827e-14	         	1.336e-05	1.477e-06	1.633e-06	6.228e-06	3.489e-05	         	2.568e-14	1.135e-14	4.253e-15	1.047e-14	2.827e-14	         	2.782e-14	9.570e-15	3.938e-15	1.010e-14	2.008e-14	         	3.675e-14	8.264e-15	4.109e-15	9.561e-15	1.340e-14	         	2.802e-14	8.889e-15	3.966e-15	9.990e-15	1.898e-14	         	3.518e-14	1.075e-14	4.003e-15	9.964e-15	1.874e-14	         	         	         	         	         	         	         	         	         	         	         	         	         	         	         	         	         	         	         	         	         	         	  -0.0437	         	         	  -0.5871	         	         	    0.379	    0.417	    0.123	    0.813	    0.871	         
 2CXO J193938.5+213459	 19 39 38.56	+21 34 59.39	FALSE	3.492e-05	2.226e-05	5.663e-06	6.206e-07	1.031e-06	         	1.831e-13	1.687e-13	1.378e-14	9.185e-16	2.453e-16	         	3.492e-05	2.226e-05	5.663e-06	6.206e-07	1.031e-06	         	1.831e-13	1.687e-13	1.378e-14	9.185e-16	2.453e-16	         	1.341e-13	1.437e-13	1.368e-14	7.844e-16	         	         	1.288e-13	1.219e-13	1.404e-14	6.715e-16	         	         	1.248e-13	1.328e-13	1.375e-14	7.727e-16	         	         	1.597e-13	1.626e-13	1.397e-14	7.755e-16	         	         	1.525e-13	    1.150	    121.0	2.497e-05	    1.310	1.404e-13	    1.307	    53.76	6.726e-06	    1.795	1.525e-13	    100.0	    128.0	6.922e-05	    1.330	         	         	         	         	         	         	   0.5946	         	         	   0.8020	         	         	    0.195	    0.680	    0.971	    0.742	         	         
 2CXO J195936.7+204814	 19 59 36.75	+20 48 14.86	FALSE	1.932e-05	4.034e-06	3.868e-06	6.760e-06	4.036e-06	         	5.019e-14	2.999e-14	9.307e-15	1.136e-14	2.128e-15	         	2.005e-05	4.031e-06	3.993e-06	6.814e-06	3.504e-06	         	5.039e-14	2.992e-14	9.597e-15	1.128e-14	1.849e-15	         	5.472e-14	2.645e-14	9.507e-15	1.057e-14	9.118e-16	         	6.144e-14	2.274e-14	9.848e-15	9.711e-15	1.814e-16	         	5.286e-14	2.453e-14	9.564e-15	1.040e-14	7.696e-16	         	6.684e-14	2.975e-14	9.675e-15	1.032e-14	6.874e-16	         	4.181e-14	    1.933	    8.809	1.089e-05	    1.305	2.545e-14	   0.4218	2.261e-07	8.345e-05	    3.536	3.873e-14	    5.210	   0.8507	1.107e-05	    1.464	         	         	         	         	         	         	   0.0200	    0.033	 0.002625	  -0.2711	    0.495	  0.03873	    0.872	    0.701	    0.835	    0.368	    0.979	         
 2CXO J201722.6+060305	 20 17 22.69	+06 03 05.35	FALSE	5.602e-06	0.000e+00	1.397e-06	2.768e-06	0.000e+00	         	1.013e-14	0.000e+00	3.362e-15	5.882e-15	         	         	5.602e-06	0.000e+00	1.397e-06	2.768e-06	0.000e+00	         	1.013e-14	0.000e+00	3.362e-15	5.882e-15	         	         	1.461e-14	         	3.413e-15	4.789e-15	         	         	1.686e-14	         	3.534e-15	4.168e-15	         	         	1.425e-14	         	3.433e-15	4.642e-15	         	         	1.766e-14	         	3.467e-15	4.557e-15	         	         	         	         	         	         	         	         	         	         	         	         	         	         	         	         	         	         	         	         	         	         	         	  -0.9994	         	         	  -0.3498	         	         	    0.398	         	    0.399	    0.394	         	         
 2CXO J202819.8+333204	 20 28 19.88	+33 32 04.02	FALSE	1.380e-06	6.959e-07	1.723e-07	3.777e-07	0.000e+00	         	4.986e-15	4.337e-15	3.620e-16	5.601e-16	0.000e+00	         	1.380e-06	6.959e-07	1.723e-07	3.777e-07	0.000e+00	         	4.986e-15	4.337e-15	3.620e-16	5.601e-16	0.000e+00	         	4.727e-15	4.615e-15	         	         	         	         	4.846e-15	3.948e-15	         	         	         	         	4.468e-15	4.276e-15	         	         	         	         	5.663e-15	5.202e-15	         	         	         	         	         	         	         	         	         	         	         	         	         	         	         	         	         	         	         	         	         	         	         	         	         	   0.6346	         	         	  -0.4222	         	         	    0.197	    0.009	         	         	         	         
 2CXO J203213.1+412724	 20 32 13.14	+41 27 24.27	FALSE	1.414e-05	4.845e-06	2.950e-06	2.389e-06	         	         	6.448e-14	5.069e-14	7.974e-15	2.304e-15	         	         	8.543e-06	3.145e-06	1.873e-06	9.592e-07	         	         	         	         	         	         	         	         	5.699e-14	         	8.471e-15	2.221e-15	         	         	5.289e-14	         	8.734e-15	1.703e-15	         	         	5.305e-14	         	8.518e-15	2.157e-15	         	         	6.672e-14	         	8.693e-15	2.153e-15	         	         	5.393e-14	    2.210	    23.93	2.145e-05	    1.487	4.052e-14	   0.5303	2.390e-06	5.370e-05	    2.171	5.207e-14	    3.480	    10.41	1.946e-05	    1.595	         	         	         	         	         	         	   0.2311	    0.992	   0.2804	   0.0800	    0.782	   0.3822	    0.988	    0.805	    0.990	    0.545	         	         
 2CXO J204320.8+171129	 20 43 20.86	+17 11 29.22	FALSE	3.918e-06	0.000e+00	7.819e-07	3.216e-06	         	         	7.960e-15	         	1.755e-15	6.328e-15	         	         	3.918e-06	0.000e+00	7.819e-07	3.216e-06	         	         	7.960e-15	         	1.755e-15	6.328e-15	         	         	1.103e-14	         	         	6.098e-15	         	         	1.137e-14	         	         	4.572e-15	         	         	1.052e-14	         	         	5.707e-15	         	         	1.252e-14	         	         	5.451e-15	         	         	         	         	         	         	         	         	         	         	         	         	         	         	         	         	         	         	         	         	         	         	         	  -0.9994	         	         	  -0.6596	         	         	    0.920	         	         	    0.518	         	         
 2CXO J204710.2+105307	 20 47 10.25	+10 53 07.82	FALSE	2.350e-06	7.211e-07	5.900e-07	6.057e-07	0.000e+00	         	6.510e-15	5.918e-15	1.377e-15	1.037e-15	         	         	2.350e-06	7.211e-07	5.900e-07	6.057e-07	0.000e+00	         	6.510e-15	5.918e-15	1.377e-15	1.037e-15	         	         	6.156e-15	4.698e-15	1.441e-15	         	         	         	7.041e-15	4.054e-15	1.491e-15	         	         	         	5.994e-15	4.364e-15	1.449e-15	         	         	         	7.368e-15	5.276e-15	1.463e-15	         	         	         	         	         	         	         	         	         	         	         	         	         	         	         	         	         	         	         	         	         	         	         	         	   0.1399	    0.953	   0.2555	  -0.0662	    0.974	   0.2362	    0.358	    0.840	    0.440	         	         	         
 2CXO J205107.5-082737	 20 51 07.51	-08 27 37.76	FALSE	2.211e-06	0.000e+00	6.809e-07	8.965e-07	3.645e-06	         	2.793e-15	         	1.613e-15	1.408e-15	1.321e-15	         	2.630e-06	1.848e-07	5.798e-07	1.219e-06	2.086e-06	         	4.421e-15	1.439e-15	1.292e-15	2.074e-15	6.749e-16	         	5.195e-15	         	1.649e-15	1.571e-15	         	         	6.312e-15	         	1.712e-15	1.390e-15	         	         	5.131e-15	         	1.659e-15	1.529e-15	         	         	6.340e-15	         	1.675e-15	1.506e-15	         	         	         	         	         	         	         	         	         	         	         	         	         	         	         	         	         	         	         	         	         	         	         	  -0.9994	    0.590	   0.2058	  -0.1512	    0.546	   0.3039	    0.824	         	    0.655	    0.591	         	         
 2CXO J212443.8-335844	 21 24 43.85	-33 58 44.74	FALSE	4.683e-05	2.414e-06	8.009e-06	2.316e-05	4.267e-05	         	6.683e-14	1.288e-14	1.730e-14	3.611e-14	4.681e-14	         	4.683e-05	2.414e-06	8.009e-06	2.316e-05	4.267e-05	         	6.683e-14	1.288e-14	1.730e-14	3.611e-14	4.681e-14	         	9.552e-14	1.411e-14	1.762e-14	3.550e-14	2.009e-14	         	1.203e-13	1.219e-14	1.834e-14	3.245e-14	1.184e-14	         	9.517e-14	1.311e-14	1.774e-14	3.482e-14	1.873e-14	         	1.185e-13	1.584e-14	1.790e-14	3.452e-14	1.840e-14	         	5.785e-14	    3.685	    21.44	4.337e-05	    0.845	4.770e-14	   0.2751	1.643e-07	0.0009789	    1.754	5.608e-14	   0.9371	    2.987	5.491e-05	    0.811	         	         	         	         	         	         	  -0.5309	         	         	  -0.4884	         	         	    0.903	    0.036	    0.496	    0.815	    0.763	         
 2CXO J213955.9+471613	 21 39 56.00	+47 16 13.43	FALSE	1.504e-06	4.637e-07	4.036e-07	3.687e-07	0.000e+00	         	7.435e-15	6.371e-15	9.339e-16	5.299e-16	0.000e+00	         	1.504e-06	4.637e-07	4.036e-07	3.687e-07	0.000e+00	         	7.435e-15	6.371e-15	9.339e-16	5.299e-16	0.000e+00	         	4.526e-15	3.040e-15	9.951e-16	         	         	         	4.902e-15	2.614e-15	1.026e-15	         	         	         	4.340e-15	2.821e-15	1.000e-15	         	         	         	5.447e-15	3.419e-15	1.012e-15	         	         	         	         	         	         	         	         	         	         	         	         	         	         	         	         	         	         	         	         	         	         	         	         	   0.1062	         	         	   0.0000	         	         	    0.102	    0.055	    0.360	         	         	         
 2CXO J221438.8+300038	 22 14 38.85	+30 00 38.13	FALSE	1.669e-05	1.153e-06	2.544e-06	1.099e-05	0.000e+00	         	4.468e-14	1.210e-14	5.736e-15	2.763e-14	0.000e+00	         	1.669e-05	1.153e-06	2.544e-06	1.099e-05	0.000e+00	         	4.468e-14	1.210e-14	5.736e-15	2.763e-14	0.000e+00	         	4.153e-14	7.439e-15	6.188e-15	2.051e-14	         	         	4.412e-14	6.559e-15	6.524e-15	1.569e-14	         	         	3.982e-14	6.986e-15	6.241e-15	1.929e-14	         	         	4.748e-14	8.289e-15	6.306e-15	1.853e-14	         	         	         	         	         	         	         	         	         	         	         	         	         	         	         	         	         	         	         	         	         	         	         	  -0.3623	         	         	  -0.6334	         	         	    0.887	    0.283	    0.013	    0.929	         	         
 2CXO J221532.7+513536	 22 15 32.71	+51 35 36.58	FALSE	2.151e-05	7.819e-06	4.400e-06	4.841e-06	2.403e-06	         	8.314e-14	6.448e-14	1.063e-14	8.467e-15	5.841e-16	         	2.151e-05	7.819e-06	4.400e-06	4.841e-06	2.403e-06	         	8.314e-14	6.448e-14	1.063e-14	8.467e-15	5.841e-16	         	6.264e-14	5.128e-14	1.084e-14	7.603e-15	         	         	6.916e-14	4.409e-14	1.121e-14	6.840e-15	         	         	6.031e-14	4.758e-14	1.091e-14	7.442e-15	         	         	7.593e-14	5.769e-14	1.103e-14	7.353e-15	         	         	         	         	         	         	         	         	         	         	         	         	         	         	         	         	         	         	         	         	         	         	         	   0.2898	         	         	  -0.0600	         	         	    0.999	    0.835	    0.923	    0.998	         	         
 2CXO J224142.0-523636	 22 41 42.01	-52 36 36.22	FALSE	1.620e-05	1.203e-06	3.604e-06	8.297e-06	1.588e-05	         	4.501e-14	8.923e-15	9.259e-15	2.675e-14	4.061e-13	         	1.620e-05	1.203e-06	3.604e-06	8.297e-06	1.588e-05	         	4.501e-14	8.923e-15	9.259e-15	2.675e-14	4.061e-13	         	4.322e-14	8.377e-15	9.490e-15	1.757e-14	         	         	4.518e-14	7.389e-15	9.969e-15	1.305e-14	         	         	4.129e-14	7.874e-15	9.564e-15	1.641e-14	         	         	4.863e-14	9.316e-15	9.671e-15	1.568e-14	         	         	         	         	         	         	         	         	         	         	         	         	         	         	         	         	         	         	         	         	         	         	         	  -0.5009	         	         	  -0.3948	         	         	    0.872	    0.267	    0.493	    0.879	         	         
