index,sepn,instrument,detect_stack_id,name,ra,dec,obsid,obi,src_rate_aper_m,src_rate_aper_lolim_m,src_rate_aper_hilim_m,src_cnts_aper_u,src_cnts_aper_lolim_u,src_cnts_aper_hilim_u,photflux_aper_s,photflux_aper_lolim_s,photflux_aper_hilim_s,flux_aper_s,flux_aper_lolim_s,flux_aper_hilim_s,streak_src_flag,src_cnts_aper_h,src_cnts_aper_lolim_h,src_cnts_aper_hilim_h,sat_src_flag,src_rate_aper_s,src_rate_aper_lolim_s,src_rate_aper_hilim_s,likelihood_b,likelihood_h,likelihood_m,likelihood_s,likelihood_u,gti_start,gti_stop,gti_elapse,gti_obs,gti_end,gti_mjd_obs,mjd_ref,photflux_aper_b,photflux_aper_lolim_b,photflux_aper_hilim_b,src_rate_aper_b,src_rate_aper_lolim_b,src_rate_aper_hilim_b,theta,phi,region_id,flux_aper_h,flux_aper_lolim_h,flux_aper_hilim_h,src_cnts_aper_m,src_cnts_aper_lolim_m,src_cnts_aper_hilim_m,photflux_aper_u,photflux_aper_lolim_u,photflux_aper_hilim_u,src_cnts_aper_s,src_cnts_aper_lolim_s,src_cnts_aper_hilim_s,src_rate_aper_h,src_rate_aper_lolim_h,src_rate_aper_hilim_h,flux_significance_b,flux_significance_h,flux_significance_m,flux_significance_s,flux_significance_u,src_rate_aper_u,src_rate_aper_lolim_u,src_rate_aper_hilim_u,flux_aper_b,flux_aper_lolim_b,flux_aper_hilim_b,flux_aper_u,flux_aper_lolim_u,flux_aper_hilim_u,flux_aper_m,flux_aper_lolim_m,flux_aper_hilim_m,photflux_aper_h,photflux_aper_lolim_h,photflux_aper_hilim_h,src_cnts_aper_b,src_cnts_aper_lolim_b,src_cnts_aper_hilim_b,photflux_aper_m,photflux_aper_lolim_m,photflux_aper_hilim_m,hard_hm,hard_hm_lolim,hard_hm_hilim,hard_hs,hard_hs_lolim,hard_hs_hilim,hard_ms,hard_ms_lolim,hard_ms_hilim,flux_powlaw,flux_powlaw_lolim,flux_powlaw_hilim,powlaw_gamma,powlaw_gamma_lolim,powlaw_gamma_hilim,powlaw_gamma_rhat,powlaw_nh,powlaw_nh_lolim,powlaw_nh_hilim,powlaw_nh_rhat,powlaw_ampl,powlaw_ampl_lolim,powlaw_ampl_hilim,powlaw_ampl_rhat,powlaw_stat,flux_bb,flux_bb_lolim,flux_bb_hilim,bb_kt,bb_kt_lolim,bb_kt_hilim,bb_kt_rhat,bb_nh,bb_nh_lolim,bb_nh_hilim,bb_nh_rhat,bb_ampl,bb_ampl_lolim,bb_ampl_hilim,bb_ampl_rhat,bb_stat,flux_brems,flux_brems_lolim,flux_brems_hilim,brems_kt,brems_kt_lolim,brems_kt_hilim,brems_kt_rhat,brems_nh,brems_nh_lolim,brems_nh_hilim,brems_nh_rhat,brems_norm,brems_norm_lolim,brems_norm_hilim,brems_norm_rhat,brems_stat,flux_apec,flux_apec_lolim,flux_apec_hilim,apec_kt,apec_kt_lolim,apec_kt_hilim,apec_kt_rhat,apec_abund,apec_abund_lolim,apec_abund_hilim,apec_abund_rhat,apec_z,apec_z_lolim,apec_z_hilim,apec_z_rhat,apec_nh,apec_nh_lolim,apec_nh_hilim,apec_nh_rhat,apec_norm,apec_norm_lolim,apec_norm_hilim,apec_norm_rhat,apec_stat,var_index_b,var_prob_b,ks_prob_b,kp_prob_b,var_sigma_b,var_mean_b,var_min_b,var_max_b,var_index_h,var_prob_h,ks_prob_h,kp_prob_h,var_sigma_h,var_mean_h,var_min_h,var_max_h,var_index_m,var_prob_m,ks_prob_m,kp_prob_m,var_sigma_m,var_mean_m,var_min_m,var_max_m,var_index_s,var_prob_s,ks_prob_s,kp_prob_s,var_sigma_s,var_mean_s,var_min_s,var_max_s,var_index_u,var_prob_u,ks_prob_u,kp_prob_u,var_sigma_u,var_mean_u,var_min_u,var_max_u,livetime,detector,match_type,cnts_aper_b,cnts_aperbkg_b,cnts_aper_h,cnts_aperbkg_h,cnts_aper_m,cnts_aperbkg_m,cnts_aper_s,cnts_aperbkg_s,cnts_aper_u,cnts_aperbkg_u,significance,likelihood,pileup_flag,mstr_sat_src_flag,mstr_streak_src_flag,mstr_flux_aper_b,mstr_flux_aper_lolim_b,mstr_flux_aper_hilim_b,var_inter_index_b,var_inter_prob_b,var_inter_sigma_b,var_inter_index_h,var_inter_prob_h,var_inter_sigma_h,var_inter_index_m,var_inter_prob_m,var_inter_sigma_m,var_inter_index_s,var_inter_prob_s,var_inter_sigma_s,var_inter_index_u,var_inter_prob_u,var_inter_sigma_u,acis_num,acis_hetg_num,acis_letg_num,hrc_num,hrc_hetg_num,hrc_letg_num
1,0.003073585,ACIS,acisfJ1746152m321339_001, 2CXO J174615.5-321400,266.565,-32.23354,4565,0,6.0749e-05,3.1973e-06,0.0001151,0.0,0.0,1.165,0.0,0.0,1.166e-07,0.0,0.0,1.906e-16,FALSE,5.8372,2.8397,8.6769,False,0.0,0.0,6.9598e-05,    18.64,    15.66,      NaN,      NaN,      NaN,193005598.259,193029230.759,23632.5,2004-02-12T20:39:58,2004-02-13T03:13:51,53047.86109,50814.0,8.142e-07,4.384e-07,1.19e-06,0.00030104,0.0001621,0.00043998,0.597,10.07,53,5.381e-15,2.541e-15,8.072e-15,1.3635,0.071765,2.5835,0.0,0.0,6.034e-07,0.0,0.0,1.3018,0.00026007,0.00012652,0.00038658,2.17,2.0,1.09,0.0,0.0,0.0,0.0,5.1906e-05,5.605e-15,3.018e-15,8.191e-15,0.000e+00,0.000e+00,4.189e-16,3.132e-16,1.649e-17,5.935e-16,6.234e-07,3.033e-07,9.267e-07,6.7568,3.6383,9.8753,9.817e-08,5.167e-09,1.86e-07,   0.7745,   0.5078,   0.9475,   0.9994,   0.6852,   1.0000,   0.9994,  -0.0181,   1.0000,      NaN,      NaN,      NaN,      NaN,      NaN,      NaN,      NaN,      NaN,      NaN,      NaN,      NaN,      NaN,      NaN,      NaN,      NaN,      NaN,      NaN,      NaN,      NaN,      NaN,      NaN,      NaN,      NaN,      NaN,      NaN,      NaN,      NaN,      NaN,      NaN,      NaN,      NaN,      NaN,      NaN,      NaN,      NaN,      NaN,      NaN,      NaN,      NaN,      NaN,      NaN,      NaN,      NaN,      NaN,      NaN,      NaN,      NaN,      NaN,      NaN,      NaN,      NaN,      NaN,      NaN,      NaN,      NaN,      NaN,      NaN,      NaN,      NaN,      NaN,      NaN,      NaN,      NaN,      NaN,      NaN,      NaN,      NaN,      NaN,      NaN,      NaN,      NaN,      NaN,0.0,    0.434,    0.060,    0.265,    26.96,    1.435,0.0002536,    507.9,0.0,    0.449,    0.208,    0.262,    22.85,    1.216,0.0002115,    430.5,,      NaN,      NaN,      NaN,      NaN,      NaN,      NaN,      NaN,,      NaN,      NaN,      NaN,      NaN,      NaN,      NaN,      NaN,,      NaN,      NaN,      NaN,      NaN,      NaN,      NaN,      NaN,22445.1,         ACIS-7,u          ,6,85,5,52,1,19,0,15,0,26,30.64,4183.798,False,False,False,1.688e-14,1.493e-14,1.871e-14,8,1.0,0.0002629,8,1.0,0.0001841,8,1.0,4.156e-05,5,0.941,2.964e-06,0,0.117,5.619e-06,13,0,0,0,0,0
2,0.003073585,ACIS,acisfJ1746152m321339_001, 2CXO J174615.5-321400,266.565,-32.23354,4566,0,0.00016188,7.1418e-05,0.00024758,0.0,0.0,1.1611,1.012e-07,1.32e-08,1.892e-07,1.494e-16,1.949e-17,2.793e-16,FALSE,10.357,6.5527,14.162,False,5.0225e-05,6.5511e-06,9.3899e-05,    67.25,    38.51,    88.47,      NaN,      NaN,196539058.814,196567785.214,28726.4,2004-03-24T18:10:59,2004-03-25T02:09:45,53088.75763,50814.0,1.474e-06,1.025e-06,1.899e-06,0.00054543,0.00037903,0.00070259,0.596,9.59,53,6.675e-15,4.223e-15,9.127e-15,4.5914,2.0256,7.0221,0.0,0.0,5.761e-07,1.4245,0.18581,2.6632,0.00036518,0.00023103,0.00049933,3.37,2.72,1.84,1.15,0.0,0.0,0.0,4.8736e-05,7.238e-15,5.03e-15,9.324e-15,0.000e+00,0.000e+00,3.231e-16,7.426e-16,3.276e-16,1.136e-15,8.745e-07,5.533e-07,1.196e-06,15.47,10.75,19.927,2.616e-07,1.154e-07,4.001e-07,   0.5621,   0.3192,   0.7552,   0.8082,   0.6202,   0.9463,   0.4572,   0.0656,   0.7801,      NaN,      NaN,      NaN,      NaN,      NaN,      NaN,      NaN,      NaN,      NaN,      NaN,      NaN,      NaN,      NaN,      NaN,      NaN,      NaN,      NaN,      NaN,      NaN,      NaN,      NaN,      NaN,      NaN,      NaN,      NaN,      NaN,      NaN,      NaN,      NaN,      NaN,      NaN,      NaN,      NaN,      NaN,      NaN,      NaN,      NaN,      NaN,      NaN,      NaN,      NaN,      NaN,      NaN,      NaN,      NaN,      NaN,      NaN,      NaN,      NaN,      NaN,      NaN,      NaN,      NaN,      NaN,      NaN,      NaN,      NaN,      NaN,      NaN,      NaN,      NaN,      NaN,      NaN,      NaN,      NaN,      NaN,      NaN,      NaN,      NaN,      NaN,      NaN,      NaN,2.0,    0.816,    0.901,    0.926,0.0001452,0.0004874,0.0004051, 0.001290,0.0,    0.486,    0.235,    0.246,2.271e-05,0.0003133,0.0003043,0.0004801,2.0,    0.842,    0.934,    0.997,4.646e-05,0.0001393,0.0001215,0.0004345,,      NaN,      NaN,      NaN,      NaN,      NaN,      NaN,      NaN,,      NaN,      NaN,      NaN,      NaN,      NaN,      NaN,      NaN,28362.6,         ACIS-7,u          ,14,58,9,36,4,13,1,10,0,22,30.64,4183.798,False,False,False,1.688e-14,1.493e-14,1.871e-14,8,1.0,0.0002629,8,1.0,0.0001841,8,1.0,4.156e-05,5,0.941,2.964e-06,0,0.117,5.619e-06,13,0,0,0,0,0
3,0.003073585,ACIS,acisfJ1746152m321339_001, 2CXO J174615.5-321400,266.565,-32.23354,4567,0,0.00031039,0.00020881,0.00041197,1.3637,0.068185,2.591,1.232e-07,2.958e-08,2.169e-07,1.903e-16,4.567e-17,3.349e-16,FALSE,36.293,29.035,43.125,False,6.1142e-05,1.4674e-05,0.00010761,   202.45,   151.42,    39.08,      NaN,      NaN,196756090.149,196796640.549,40550.4,2004-03-27T06:28:10,2004-03-27T17:44:01,53091.26956,50814.0,3.34e-06,2.784e-06,3.895e-06,0.0012357,0.0010302,0.0014411,0.594,9.79,53,1.572e-14,1.258e-14,1.868e-14,12.427,8.3599,16.494,4.03e-07,2.015e-08,7.657e-07,2.4479,0.5875,4.3084,0.00090649,0.00072519,0.0010771,6.01,5.15,3.06,1.32,1.08,3.4061e-05,1.7031e-06,6.4716e-05,1.675e-14,1.396e-14,1.954e-14,2.645e-16,0.000e+00,5.290e-16,1.28e-15,8.613e-16,1.699e-15,2.17e-06,1.736e-06,2.579e-06,49.472,41.245,57.699,5.016e-07,3.374e-07,6.657e-07,   0.6346,   0.5153,   0.7427,   0.8957,   0.8101,   0.9600,   0.5934,   0.3292,   0.8126,      NaN,      NaN,      NaN,      NaN,      NaN,      NaN,      NaN,      NaN,      NaN,      NaN,      NaN,      NaN,      NaN,      NaN,      NaN,      NaN,      NaN,      NaN,      NaN,      NaN,      NaN,      NaN,      NaN,      NaN,      NaN,      NaN,      NaN,      NaN,      NaN,      NaN,      NaN,      NaN,      NaN,      NaN,      NaN,      NaN,      NaN,      NaN,      NaN,      NaN,      NaN,      NaN,      NaN,      NaN,      NaN,      NaN,      NaN,      NaN,      NaN,      NaN,      NaN,      NaN,      NaN,      NaN,      NaN,      NaN,      NaN,      NaN,      NaN,      NaN,      NaN,      NaN,      NaN,      NaN,      NaN,      NaN,      NaN,      NaN,      NaN,      NaN,      NaN,      NaN,0.0,    0.143,    0.334,    0.229,3.286e-05, 0.001134, 0.001121, 0.001361,0.0,    0.300,    0.506,    0.683,4.567e-05,0.0008138,0.0007950, 0.001175,0.0,    0.449,    0.407,    0.212,1.516e-05,0.0002713,0.0002658,0.0003835,,      NaN,      NaN,      NaN,      NaN,      NaN,      NaN,      NaN,,      NaN,      NaN,      NaN,      NaN,      NaN,      NaN,      NaN,40036.9,         ACIS-7,u          ,46,82,33,44,11,24,2,16,1,34,30.64,4183.798,False,False,False,1.688e-14,1.493e-14,1.871e-14,8,1.0,0.0002629,8,1.0,0.0001841,8,1.0,4.156e-05,5,0.941,2.964e-06,0,0.117,5.619e-06,13,0,0,0,0,0
4,0.003073585,ACIS,acisfJ1746152m321339_001, 2CXO J174615.5-321400,266.565,-32.23354,8987,1,0.025412,0.02313,0.027693,3.407,1.1712,5.5364,3.369e-06,2.131e-06,4.606e-06,5.164e-15,3.267e-15,7.061e-15, TRUE,500.79,473.02,526.93,False,0.0015475,0.00097901,0.0021159,  3283.41,  2488.17,   930.98,   202.10,      NaN,320815490.597,320822635.796,7145.2,2008-03-02T03:24:51,2008-03-02T05:23:56,54527.14225,50814.0,0.0002772,0.000264,0.0002896,0.10175,0.096903,0.10632,0.304,330.38,53,1.345e-12,1.271e-12,1.415e-12,164.68,149.89,179.46,1.033e-05,3.55e-06,1.678e-05,10.028,6.3443,13.712,0.077279,0.072994,0.081312,21.61,18.61,11.14,2.72,1.56,0.00052575,0.00018073,0.00085434,1.424e-12,1.356e-12,1.488e-12,1.537e-14,5.762e-15,2.497e-14,1.119e-13,1.018e-13,1.219e-13,0.0001858,0.0001755,0.0001954,659.39,627.96,688.98,4.187e-05,3.811e-05,4.563e-05,   0.6321,   0.6015,   0.6627,   0.9644,   0.9513,   0.9763,   0.8507,   0.7964,   0.8976,1.273e-12,1.184e-12,1.344e-12,    1.783,    1.597,    1.978,      NaN,    212.0,    189.3,    237.3,      NaN,0.0005674,0.0004356,0.0007473,      NaN,    0.873,1.214e-12,1.127e-12,1.288e-12,    1.108,    1.041,    1.181,      NaN,    102.9,    89.57,    117.8,      NaN,0.0001119,8.897e-05,0.0001412,      NaN,    1.118,1.252e-12,1.111e-12,1.332e-12,    9.132,    6.504,    14.93,      NaN,    193.0,    175.7,    211.9,      NaN,0.0005592,0.0005087,0.0006314,      NaN,    0.875,      NaN,      NaN,      NaN,      NaN,      NaN,      NaN,      NaN,      NaN,      NaN,      NaN,      NaN,      NaN,      NaN,      NaN,      NaN,      NaN,      NaN,      NaN,      NaN,      NaN,      NaN,      NaN,      NaN,      NaN,2.0,    0.887,    0.998,    0.993, 0.009780,  0.08673,  0.07695,  0.09651,6.0,    0.953,    0.999,    0.994, 0.009701,  0.06403,  0.05433,  0.07373,0.0,    0.110,    0.638,    0.286,0.0002146,  0.02142,  0.02116,  0.02165,2.0,    0.851,    0.964,    0.845,0.0006825, 0.001261,0.0005785, 0.001943,,      NaN,      NaN,      NaN,      NaN,      NaN,      NaN,      NaN,6480.3,         ACIS-7,u          ,619,75,457,55,153,10,9,4,3,22,30.64,4183.798,False,False,False,1.688e-14,1.493e-14,1.871e-14,8,1.0,0.0002629,8,1.0,0.0001841,8,1.0,4.156e-05,5,0.941,2.964e-06,0,0.117,5.619e-06,13,0,0,0,0,0
5,0.003073585,ACIS,acisfJ1746152m321339_001, 2CXO J174615.5-321400,266.565,-32.23354,8988,0,0.0044026,0.0037407,0.0050644,2.2993,0.47902,4.1196,5.648e-07,2.225e-07,9.071e-07,8.252e-16,3.251e-16,1.325e-15,FALSE,195.4,178.52,212.28,False,0.00025945,0.00010221,0.00041669,  1312.80,  1002.55,   325.22,      NaN,      NaN,321382249.899,321397392.298,15142.399,2008-03-08T16:50:50,2008-03-08T21:03:12,54533.70197,50814.0,5.021e-05,4.65e-05,5.392e-05,0.018441,0.017078,0.019805,0.299,329.99,53,2.596e-13,2.372e-13,2.806e-13,60.462,51.373,69.552,3.292e-06,6.858e-07,5.897e-06,3.5631,1.4036,5.7225,0.014228,0.012999,0.015457,13.52,11.58,6.65,1.65,1.26,0.00016742,3.488e-05,0.00029997,2.728e-13,2.526e-13,2.93e-13,4.751e-15,4.319e-16,8.854e-15,1.95e-14,1.657e-14,2.244e-14,3.419e-05,3.123e-05,3.714e-05,253.26,234.53,271.99,7.253e-06,6.162e-06,8.343e-06,   0.6533,   0.6027,   0.7002,   0.9681,   0.9475,   0.9850,   0.8570,   0.7664,   0.9300,2.149e-13,1.742e-13,2.399e-13,    1.928,    1.571,    2.314,      NaN,    228.1,    185.5,    277.2,      NaN,0.0001261,7.595e-05,0.0002169,      NaN,    0.822,2.040e-13,1.571e-13,2.281e-13,    1.110,   0.9792,    1.262,      NaN,    95.14,    70.62,    124.1,      NaN,1.941e-05,1.236e-05,3.115e-05,      NaN,    1.393,2.201e-13,1.806e-13,2.422e-13,    8.434,    4.814,    20.85,      NaN,    195.1,    166.4,    229.3,      NaN,0.0001031,8.820e-05,0.0001332,      NaN,    0.884,      NaN,      NaN,      NaN,      NaN,      NaN,      NaN,      NaN,      NaN,      NaN,      NaN,      NaN,      NaN,      NaN,      NaN,      NaN,      NaN,      NaN,      NaN,      NaN,      NaN,      NaN,      NaN,      NaN,      NaN,0.0,    0.076,    0.317,    0.095,1.502e-05,  0.01565,  0.01564,  0.01567,0.0,    0.060,    0.559,    0.422,2.518e-05,  0.01176,  0.01172,  0.01179,0.0,    0.096,    0.003,    0.016,1.020e-05, 0.003697, 0.003686, 0.003709,,      NaN,      NaN,      NaN,      NaN,      NaN,      NaN,      NaN,,      NaN,      NaN,      NaN,      NaN,      NaN,      NaN,      NaN,13733.4,         ACIS-7,u          ,237,69,178,34,56,15,3,10,2,46,30.64,4183.798,False,False,False,1.688e-14,1.493e-14,1.871e-14,8,1.0,0.0002629,8,1.0,0.0001841,8,1.0,4.156e-05,5,0.941,2.964e-06,0,0.117,5.619e-06,13,0,0,0,0,0
6,0.003073585,ACIS,acisfJ1746152m321339_001, 2CXO J174615.5-321400,266.565,-32.23354,8989,0,0.00092032,0.00066797,0.0011578,0.0,0.0,1.2368,1.6e-07,1.523e-08,2.971e-07,2.365e-16,2.253e-17,4.393e-16,FALSE,57.382,48.416,66.347,False,7.3451e-05,6.9954e-06,0.00013641,   321.95,   245.93,    78.98,      NaN,      NaN,322033621.943,322056277.542,22655.599,2008-03-16T05:47:02,2008-03-16T12:04:38,54541.24099,50814.0,9.971e-06,8.625e-06,1.132e-05,0.003662,0.0031677,0.0041563,0.3,329.52,53,4.15e-14,3.494e-14,4.806e-14,18.91,13.725,23.79,0.0,0.0,1.5e-06,1.5092,0.14374,2.8029,0.0027926,0.0023563,0.003229,7.41,6.4,3.76,1.14,0.0,0.0,0.0,7.6035e-05,4.492e-14,3.885e-14,5.099e-14,0.000e+00,0.000e+00,8.413e-16,4.036e-15,2.929e-15,5.078e-15,6.711e-06,5.662e-06,7.759e-06,75.246,65.089,85.402,1.516e-06,1.101e-06,1.908e-06,   0.6371,   0.5428,   0.7227,   0.9544,   0.9113,   0.9888,   0.8095,   0.6427,   0.9425,      NaN,      NaN,      NaN,      NaN,      NaN,      NaN,      NaN,      NaN,      NaN,      NaN,      NaN,      NaN,      NaN,      NaN,      NaN,      NaN,      NaN,      NaN,      NaN,      NaN,      NaN,      NaN,      NaN,      NaN,      NaN,      NaN,      NaN,      NaN,      NaN,      NaN,      NaN,      NaN,      NaN,      NaN,      NaN,      NaN,      NaN,      NaN,      NaN,      NaN,      NaN,      NaN,      NaN,      NaN,      NaN,      NaN,      NaN,      NaN,      NaN,      NaN,      NaN,      NaN,      NaN,      NaN,      NaN,      NaN,      NaN,      NaN,      NaN,      NaN,      NaN,      NaN,      NaN,      NaN,      NaN,      NaN,      NaN,      NaN,      NaN,      NaN,      NaN,      NaN,0.0,    0.320,    0.212,    0.317,0.0003231, 0.003090, 0.002890, 0.005128,1.0,    0.510,    0.046,    0.119,0.0003494, 0.002295, 0.002109, 0.004912,1.0,    0.562,    0.473,    0.745,9.820e-05,0.0007504,0.0007042, 0.001368,,      NaN,      NaN,      NaN,      NaN,      NaN,      NaN,      NaN,,      NaN,      NaN,      NaN,      NaN,      NaN,      NaN,      NaN,20547.4,         ACIS-7,u          ,70,88,52,44,17,23,1,12,0,86,30.64,4183.798,False,False,False,1.688e-14,1.493e-14,1.871e-14,8,1.0,0.0002629,8,1.0,0.0001841,8,1.0,4.156e-05,5,0.941,2.964e-06,0,0.117,5.619e-06,13,0,0,0,0,0
7,0.003073585,ACIS,acisfJ1746152m321339_001, 2CXO J174615.5-321400,266.565,-32.23354,8990,0,0.00043575,0.00027017,0.00060134,1.3638,0.06819,2.5912,0.0,0.0,1.263e-07,0.0,0.0,2.082e-16,FALSE,19.217,13.948,24.176,False,0.0,0.0,7.0192e-05,   102.68,    71.76,    39.85,      NaN,      NaN,322560413.069,322582223.069,21810.0,2008-03-22T08:06:53,2008-03-22T14:10:23,54547.33811,50814.0,3.423e-06,2.633e-06,4.169e-06,0.0012574,0.00096719,0.0015314,0.306,329.34,53,1.408e-14,1.016e-14,1.778e-14,9.2506,5.7354,12.766,1.27e-06,6.348e-08,2.412e-06,0.0,0.0,1.231,0.00090522,0.00065701,0.0011388,4.46,3.76,2.63,0.0,1.08,6.4242e-05,3.2121e-06,0.00012206,1.525e-14,1.173e-14,1.858e-14,0.000e+00,0.000e+00,1.384e-15,1.89e-15,1.172e-15,2.609e-15,2.175e-06,1.578e-06,2.736e-06,26.693,20.533,32.51,7.179e-07,4.451e-07,9.907e-07,   0.5134,   0.3342,   0.6690,   0.9994,   0.8913,   1.0000,   0.9994,   0.7052,   1.0000,      NaN,      NaN,      NaN,      NaN,      NaN,      NaN,      NaN,      NaN,      NaN,      NaN,      NaN,      NaN,      NaN,      NaN,      NaN,      NaN,      NaN,      NaN,      NaN,      NaN,      NaN,      NaN,      NaN,      NaN,      NaN,      NaN,      NaN,      NaN,      NaN,      NaN,      NaN,      NaN,      NaN,      NaN,      NaN,      NaN,      NaN,      NaN,      NaN,      NaN,      NaN,      NaN,      NaN,      NaN,      NaN,      NaN,      NaN,      NaN,      NaN,      NaN,      NaN,      NaN,      NaN,      NaN,      NaN,      NaN,      NaN,      NaN,      NaN,      NaN,      NaN,      NaN,      NaN,      NaN,      NaN,      NaN,      NaN,      NaN,      NaN,      NaN,      NaN,      NaN,1.0,    0.532,    0.495,    0.470,0.0001476, 0.001146, 0.001077, 0.002085,1.0,    0.520,    0.480,    0.274,8.345e-05,0.0007795,0.0007462, 0.001429,0.0,    0.447,    0.187,    0.320,2.264e-05,0.0003668,0.0003586,0.0005145,,      NaN,      NaN,      NaN,      NaN,      NaN,      NaN,      NaN,,      NaN,      NaN,      NaN,      NaN,      NaN,      NaN,      NaN,21229.2,         ACIS-7,u          ,25,78,17,51,8,14,0,11,1,33,30.64,4183.798,False,False,False,1.688e-14,1.493e-14,1.871e-14,8,1.0,0.0002629,8,1.0,0.0001841,8,1.0,4.156e-05,5,0.941,2.964e-06,0,0.117,5.619e-06,13,0,0,0,0,0
8,0.003073585,ACIS,acisfJ1746152m321339_001, 2CXO J174615.5-321400,266.565,-32.23354,9833,0,0.00053592,0.00026796,0.00078977,0.0,0.0,1.1713,0.0,0.0,2.489e-07,0.0,0.0,3.832e-16,FALSE,19.312,14.017,24.296,False,0.0,0.0,0.00012919,    98.12,    87.95,    19.34,      NaN,      NaN,322107847.409,322119984.209,12136.799,2008-03-17T02:24:07,2008-03-17T05:46:24,54542.10009,50814.0,5.866e-06,4.444e-06,7.289e-06,0.0021533,0.0016313,0.0026753,0.304,329.89,53,2.465e-14,1.789e-14,3.141e-14,5.8991,2.9495,8.6934,0.0,0.0,2.7e-06,0.0,0.0,1.258,0.0017545,0.0012734,0.0022073,4.12,3.76,2.05,0.0,0.0,0.0,0.0,0.00013681,2.555e-14,1.936e-14,3.175e-14,0.000e+00,0.000e+00,1.514e-15,2.376e-15,1.188e-15,3.502e-15,4.219e-06,3.062e-06,5.308e-06,23.702,17.956,29.448,8.833e-07,4.416e-07,1.302e-06,   0.6671,   0.4978,   0.8039,   0.9994,   0.8888,   1.0000,   0.9994,   0.5603,   1.0000,      NaN,      NaN,      NaN,      NaN,      NaN,      NaN,      NaN,      NaN,      NaN,      NaN,      NaN,      NaN,      NaN,      NaN,      NaN,      NaN,      NaN,      NaN,      NaN,      NaN,      NaN,      NaN,      NaN,      NaN,      NaN,      NaN,      NaN,      NaN,      NaN,      NaN,      NaN,      NaN,      NaN,      NaN,      NaN,      NaN,      NaN,      NaN,      NaN,      NaN,      NaN,      NaN,      NaN,      NaN,      NaN,      NaN,      NaN,      NaN,      NaN,      NaN,      NaN,      NaN,      NaN,      NaN,      NaN,      NaN,      NaN,      NaN,      NaN,      NaN,      NaN,      NaN,      NaN,      NaN,      NaN,      NaN,      NaN,      NaN,      NaN,      NaN,      NaN,      NaN,6.0,    0.961,    0.635,    0.862, 0.001275, 0.001799,0.0005565, 0.004644,6.0,    0.953,    0.720,    0.888, 0.001015, 0.001402,0.0005230, 0.003800,0.0,    0.467,    0.132,    0.070,2.838e-05,0.0004120,0.0004003,0.0005817,,      NaN,      NaN,      NaN,      NaN,      NaN,      NaN,      NaN,,      NaN,      NaN,      NaN,      NaN,      NaN,      NaN,      NaN,11007.4,         ACIS-7,u          ,22,45,17,29,5,7,0,8,0,39,30.64,4183.798,False,False,False,1.688e-14,1.493e-14,1.871e-14,8,1.0,0.0002629,8,1.0,0.0001841,8,1.0,4.156e-05,5,0.941,2.964e-06,0,0.117,5.619e-06,13,0,0,0,0,0
9,0.003073585,ACIS,acisfJ1746152m321339_001, 2CXO J174615.5-321400,266.565,-32.23354,9837,0,0.00070861,0.00048869,0.0009163,0.0,0.0,1.2187,0.0,0.0,1.227e-07,0.0,0.0,2.136e-16,FALSE,19.201,13.936,24.156,False,0.0,0.0,7.2008e-05,   149.21,    69.82,   286.33,      NaN,      NaN,322724266.327,322745434.327,21168.0,2008-03-24T05:37:46,2008-03-24T11:30:34,54549.23456,50814.0,4.221e-06,3.346e-06,5.096e-06,0.0015508,0.0012293,0.0018723,0.301,330.24,53,1.324e-14,9.55e-15,1.671e-14,14.6,10.069,18.88,0.0,0.0,1.436e-06,0.0,0.0,1.1611,0.0009319,0.00067638,0.0011724,4.82,3.76,3.31,0.0,0.0,0.0,0.0,5.9146e-05,1.567e-14,1.242e-14,1.892e-14,0.000e+00,0.000e+00,8.051e-16,3.166e-15,2.183e-15,4.093e-15,2.238e-06,1.625e-06,2.816e-06,31.952,25.328,38.576,1.167e-06,8.051e-07,1.51e-06,   0.3285,   0.1418,   0.4966,   0.9994,   0.8951,   1.0000,   0.9994,   0.8089,   1.0000,      NaN,      NaN,      NaN,      NaN,      NaN,      NaN,      NaN,      NaN,      NaN,      NaN,      NaN,      NaN,      NaN,      NaN,      NaN,      NaN,      NaN,      NaN,      NaN,      NaN,      NaN,      NaN,      NaN,      NaN,      NaN,      NaN,      NaN,      NaN,      NaN,      NaN,      NaN,      NaN,      NaN,      NaN,      NaN,      NaN,      NaN,      NaN,      NaN,      NaN,      NaN,      NaN,      NaN,      NaN,      NaN,      NaN,      NaN,      NaN,      NaN,      NaN,      NaN,      NaN,      NaN,      NaN,      NaN,      NaN,      NaN,      NaN,      NaN,      NaN,      NaN,      NaN,      NaN,      NaN,      NaN,      NaN,      NaN,      NaN,      NaN,      NaN,      NaN,      NaN,0.0,    0.240,    0.590,    0.546,8.013e-05, 0.001417, 0.001371, 0.001953,1.0,    0.516,    0.521,    0.576,9.476e-05,0.0008031,0.0007524, 0.001520,0.0,    0.427,    0.075,    0.232,4.855e-05,0.0006141,0.0005902,0.0009040,,      NaN,      NaN,      NaN,      NaN,      NaN,      NaN,      NaN,,      NaN,      NaN,      NaN,      NaN,      NaN,      NaN,      NaN,20604.3,         ACIS-7,u          ,30,64,17,47,13,13,0,9,0,28,30.64,4183.798,False,False,False,1.688e-14,1.493e-14,1.871e-14,8,1.0,0.0002629,8,1.0,0.0001841,8,1.0,4.156e-05,5,0.941,2.964e-06,0,0.117,5.619e-06,13,0,0,0,0,0
10,0.003073585,ACIS,acisfJ1746152m321339_001, 2CXO J174615.5-321400,266.565,-32.23354,9838,0,0.00033939,0.00019393,0.00047676,0.0,0.0,1.2179,2.336e-07,6.289e-08,3.953e-07,3.289e-16,7.893e-17,5.788e-16,FALSE,32.795,25.996,39.594,False,0.00010728,2.8882e-05,0.00018155,   173.69,   135.67,   155.25,      NaN,      NaN,322482874.04,322507322.54,24448.5,2008-03-21T10:34:34,2008-03-21T17:22:03,54546.44067,50814.0,4.792e-06,3.928e-06,5.657e-06,0.001761,0.0014433,0.0020786,0.305,329.42,53,1.987e-14,1.575e-14,2.399e-14,8.0765,4.6151,11.346,0.0,0.0,1.241e-06,2.5529,0.68732,4.3203,0.0013781,0.0010924,0.0016638,5.54,4.82,2.4,1.41,0.0,0.0,0.0,6.2811e-05,2.119e-14,1.736e-14,2.502e-14,0.000e+00,0.000e+00,6.958e-16,1.482e-15,8.471e-16,2.082e-15,3.309e-06,2.623e-06,3.995e-06,41.906,34.347,49.466,5.59e-07,3.194e-07,7.853e-07,   0.7220,   0.6040,   0.8239,   0.8757,   0.7764,   0.9500,   0.3985,   0.0656,   0.6964,      NaN,      NaN,      NaN,      NaN,      NaN,      NaN,      NaN,      NaN,      NaN,      NaN,      NaN,      NaN,      NaN,      NaN,      NaN,      NaN,      NaN,      NaN,      NaN,      NaN,      NaN,      NaN,      NaN,      NaN,      NaN,      NaN,      NaN,      NaN,      NaN,      NaN,      NaN,      NaN,      NaN,      NaN,      NaN,      NaN,      NaN,      NaN,      NaN,      NaN,      NaN,      NaN,      NaN,      NaN,      NaN,      NaN,      NaN,      NaN,      NaN,      NaN,      NaN,      NaN,      NaN,      NaN,      NaN,      NaN,      NaN,      NaN,      NaN,      NaN,      NaN,      NaN,      NaN,      NaN,      NaN,      NaN,      NaN,      NaN,      NaN,      NaN,      NaN,      NaN,2.0,    0.815,    0.517,    0.432,0.0004096, 0.001595, 0.001364, 0.004985,2.0,    0.854,    0.642,    0.738,0.0003865, 0.001227,0.0009809, 0.004082,2.0,    0.732,    0.694,    0.831,8.447e-05,0.0002864,0.0002426,0.0006843,,      NaN,      NaN,      NaN,      NaN,      NaN,      NaN,      NaN,,      NaN,      NaN,      NaN,      NaN,      NaN,      NaN,      NaN,23797.4,         ACIS-7,u          ,39,71,30,44,7,18,2,11,0,30,30.64,4183.798,False,False,False,1.688e-14,1.493e-14,1.871e-14,8,1.0,0.0002629,8,1.0,0.0001841,8,1.0,4.156e-05,5,0.941,2.964e-06,0,0.117,5.619e-06,13,0,0,0,0,0
11,0.003073585,ACIS,acisfJ1746152m321339_001, 2CXO J174615.5-321400,266.565,-32.23354,9839,0,0.00032201,0.00019965,0.00044438,0.0,0.0,1.187,1.024e-07,8.533e-09,1.962e-07,1.507e-16,1.256e-17,2.889e-16,FALSE,26.604,20.465,32.402,False,4.7017e-05,3.9181e-06,9.0116e-05,   138.46,    99.80,    34.80,      NaN,      NaN,322644422.435,322673877.935,29455.5,2008-03-23T07:27:02,2008-03-23T15:37:58,54548.31044,50814.0,3.347e-06,2.67e-06,3.986e-06,0.0012298,0.00098104,0.0014647,0.305,329.53,53,1.93e-14,1.484e-14,2.35e-14,9.2324,5.7241,12.741,0.0,0.0,1.046e-06,1.348,0.11234,2.5837,0.0009279,0.00071377,0.0011301,5.09,4.46,2.63,1.09,0.0,0.0,0.0,5.2899e-05,2.008e-14,1.602e-14,2.392e-14,0.000e+00,0.000e+00,5.866e-16,1.463e-15,9.071e-16,2.019e-15,2.228e-06,1.714e-06,2.714e-06,35.258,28.127,41.993,5.304e-07,3.289e-07,7.32e-07,   0.6259,   0.4841,   0.7502,   0.9169,   0.8289,   0.9825,   0.6846,   0.3954,   0.9001,      NaN,      NaN,      NaN,      NaN,      NaN,      NaN,      NaN,      NaN,      NaN,      NaN,      NaN,      NaN,      NaN,      NaN,      NaN,      NaN,      NaN,      NaN,      NaN,      NaN,      NaN,      NaN,      NaN,      NaN,      NaN,      NaN,      NaN,      NaN,      NaN,      NaN,      NaN,      NaN,      NaN,      NaN,      NaN,      NaN,      NaN,      NaN,      NaN,      NaN,      NaN,      NaN,      NaN,      NaN,      NaN,      NaN,      NaN,      NaN,      NaN,      NaN,      NaN,      NaN,      NaN,      NaN,      NaN,      NaN,      NaN,      NaN,      NaN,      NaN,      NaN,      NaN,      NaN,      NaN,      NaN,      NaN,      NaN,      NaN,      NaN,      NaN,      NaN,      NaN,1.0,    0.548,    0.310,    0.744,0.0001978, 0.001120,0.0009905, 0.002124,0.0,    0.423,    0.654,    0.672,7.571e-05,0.0008148,0.0007763, 0.001343,0.0,    0.467,    0.663,    0.617,1.615e-05,0.0002716,0.0002657,0.0003845,,      NaN,      NaN,      NaN,      NaN,      NaN,      NaN,      NaN,,      NaN,      NaN,      NaN,      NaN,      NaN,      NaN,      NaN,28671.1,         ACIS-7,u          ,33,106,24,68,8,23,1,15,0,52,30.64,4183.798,False,False,False,1.688e-14,1.493e-14,1.871e-14,8,1.0,0.0002629,8,1.0,0.0001841,8,1.0,4.156e-05,5,0.941,2.964e-06,0,0.117,5.619e-06,13,0,0,0,0,0
