#Column	sepn	(E9.6)		(.sepn)	[""]	[]
#Column	instrument	(A4)	Instrument used for the observation; 'ACIS' or 'HRC'	(observation_source.instrument)	[""]	[]
#Column	detect_stack_id	(A24)	Detect stack identifier (designation of observation stack used for source detection) in the format '{acis|hrc}fJhhmmsss{p|m}ddmmss_nnn'	(stack_source.detect_stack_id)	[""]	[]
#Column	name	(A22)	Source name in the format '2CXO Jhhmmss.s{+|-}ddmmss[X]'	(master_source.name)	[""]	[]
#Column	ra	(E9.6)	Source position, ICRS right ascension	(master_source.ra)	["deg"]	[pos.eq.ra;meta.main]
#Column	dec	(E9.6)	Source position, ICRS declination	(master_source.dec)	["deg"]	[pos.eq.dec;meta.main]
#Column	obsid	(I5)	Observation identifier	(observation_source.obsid)	[""]	[]
#Column	obi	(I3)	Observation interval number	(observation_source.obi)	[""]	[]
#Column	src_rate_aper_m	(F9.5)	Aperture-corrected detection net count rate inferred from the source region aperture; ACIS medium (1.2-2.0 keV) energy band	(observation_source.src_rate_aper_m)	["count/s"]	[]
#Column	src_rate_aper_lolim_m	(F9.5)	Aperture-corrected detection net count rate inferred from the source region aperture (68% lower confidence limit); ACIS medium (1.2-2.0 keV) energy band	(observation_source.src_rate_aper_lolim_m)	["count/s"]	[]
#Column	src_rate_aper_hilim_m	(F9.5)	Aperture-corrected detection net count rate inferred from the source region aperture (68% upper confidence limit); ACIS medium (1.2-2.0 keV) energy band	(observation_source.src_rate_aper_hilim_m)	["count/s"]	[]
#Column	src_cnts_aper_u	(F9.5)	Aperture-corrected detection net counts inferred from the source region aperture; ACIS ultrasoft (0.2-0.5 keV) energy band	(observation_source.src_cnts_aper_u)	["count"]	[]
#Column	src_cnts_aper_lolim_u	(F9.5)	Aperture-corrected detection net counts inferred from the source region aperture (68% lower confidence limit); ACIS ultrasoft (0.2-0.5 keV) energy band	(observation_source.src_cnts_aper_lolim_u)	["count"]	[]
#Column	src_cnts_aper_hilim_u	(F9.5)	Aperture-corrected detection net counts inferred from the source region aperture (68% upper confidence limit); ACIS ultrasoft (0.2-0.5 keV) energy band	(observation_source.src_cnts_aper_hilim_u)	["count"]	[]
#Column	photflux_aper_w	(E9.3)	Aperture-corrected detection net photon flux inferred from the source region aperture, calculated by counting X-ray events; HRC wide (~0.1-10.0 keV) energy band	(observation_source.photflux_aper_w)	["photon/s/cm^2"]	[]
#Column	photflux_aper_lolim_w	(E9.3)	Aperture-corrected detection net photon flux inferred from the source region aperture, calculated by counting X-ray events (68% lower confidence limit); HRC wide (~0.1-10.0 keV) energy band	(observation_source.photflux_aper_lolim_w)	["photon/s/cm^2"]	[]
#Column	photflux_aper_hilim_w	(E9.3)	Aperture-corrected detection net photon flux inferred from the source region aperture, calculated by counting X-ray events (68% upper confidence limit); HRC wide (~0.1-10.0 keV) energy band	(observation_source.photflux_aper_hilim_w)	["photon/s/cm^2"]	[]
#Column	photflux_aper_s	(E9.3)	Aperture-corrected detection net photon flux inferred from the source region aperture, calculated by counting X-ray events; ACIS soft (0.5-1.2 keV) energy band	(observation_source.photflux_aper_s)	["photon/s/cm^2"]	[]
#Column	photflux_aper_lolim_s	(E9.3)	Aperture-corrected detection net photon flux inferred from the source region aperture, calculated by counting X-ray events (68% lower confidence limit); ACIS soft (0.5-1.2 keV) energy band	(observation_source.photflux_aper_lolim_s)	["photon/s/cm^2"]	[]
#Column	photflux_aper_hilim_s	(E9.3)	Aperture-corrected detection net photon flux inferred from the source region aperture, calculated by counting X-ray events (68% upper confidence limit); ACIS soft (0.5-1.2 keV) energy band	(observation_source.photflux_aper_hilim_s)	["photon/s/cm^2"]	[]
#Column	flux_aper_s	(E9.3)	Aperture-corrected detection net energy flux inferred from the source region aperture, calculated by counting X-ray events; ACIS soft (0.5-1.2 keV) energy band	(observation_source.flux_aper_s)	["erg/s/cm^2"]	[]
#Column	flux_aper_lolim_s	(E9.3)	Aperture-corrected detection net energy flux inferred from the source region aperture, calculated by counting X-ray events (68% lower confidence limit); ACIS soft (0.5-1.2 keV) energy band	(observation_source.flux_aper_lolim_s)	["erg/s/cm^2"]	[]
#Column	flux_aper_hilim_s	(E9.3)	Aperture-corrected detection net energy flux inferred from the source region aperture, calculated by counting X-ray events (68% upper confidence limit); ACIS soft (0.5-1.2 keV) energy band	(observation_source.flux_aper_hilim_s)	["erg/s/cm^2"]	[]
#Column	streak_src_flag	(A5)	Detection is located on an ACIS readout streak; detection properties may be affected	(observation_source.streak_src_flag)	[""]	[]
#Column	src_cnts_aper_h	(F9.5)	Aperture-corrected detection net counts inferred from the source region aperture; ACIS hard (2.0-7.0 keV) energy band	(observation_source.src_cnts_aper_h)	["count"]	[]
#Column	src_cnts_aper_lolim_h	(F9.5)	Aperture-corrected detection net counts inferred from the source region aperture (68% lower confidence limit); ACIS hard (2.0-7.0 keV) energy band	(observation_source.src_cnts_aper_lolim_h)	["count"]	[]
#Column	src_cnts_aper_hilim_h	(F9.5)	Aperture-corrected detection net counts inferred from the source region aperture (68% upper confidence limit); ACIS hard (2.0-7.0 keV) energy band	(observation_source.src_cnts_aper_hilim_h)	["count"]	[]
#Column	sat_src_flag	(A5)	Detection is saturated; detection properties are unreliable	(observation_source.sat_src_flag)	[""]	[]
#Column	src_rate_aper_s	(F9.5)	Aperture-corrected detection net count rate inferred from the source region aperture; ACIS soft (0.5-1.2 keV) energy band	(observation_source.src_rate_aper_s)	["count/s"]	[]
#Column	src_rate_aper_lolim_s	(F9.5)	Aperture-corrected detection net count rate inferred from the source region aperture (68% lower confidence limit); ACIS soft (0.5-1.2 keV) energy band	(observation_source.src_rate_aper_lolim_s)	["count/s"]	[]
#Column	src_rate_aper_hilim_s	(F9.5)	Aperture-corrected detection net count rate inferred from the source region aperture (68% upper confidence limit); ACIS soft (0.5-1.2 keV) energy band	(observation_source.src_rate_aper_hilim_s)	["count/s"]	[]
#Column	src_cnts_aper_w	(F9.5)	Aperture-corrected detection net counts inferred from the source region aperture; HRC wide (~0.1-10.0 keV) energy band	(observation_source.src_cnts_aper_w)	["count"]	[]
#Column	src_cnts_aper_lolim_w	(F9.5)	Aperture-corrected detection net counts inferred from the source region aperture (68% lower confidence limit); HRC wide (~0.1-10.0 keV) energy band	(observation_source.src_cnts_aper_lolim_w)	["count"]	[]
#Column	src_cnts_aper_hilim_w	(F9.5)	Aperture-corrected detection net counts inferred from the source region aperture (68% upper confidence limit); HRC wide (~0.1-10.0 keV) energy band	(observation_source.src_cnts_aper_hilim_w)	["count"]	[]
#Column	likelihood_b	(F9.2)	log likelihood of the single-observation detection computed by the Maximum Likelihood Estimator fit to the photon counts distribution; ACIS broad (0.5-7.0 keV) energy band	(observation_source.likelihood_b)	[""]	[]
#Column	likelihood_h	(F9.2)	log likelihood of the single-observation detection computed by the Maximum Likelihood Estimator fit to the photon counts distribution; ACIS hard (2.0-7.0 keV) energy band	(observation_source.likelihood_h)	[""]	[]
#Column	likelihood_m	(F9.2)	log likelihood of the single-observation detection computed by the Maximum Likelihood Estimator fit to the photon counts distribution; ACIS medium (1.2-2.0 keV) energy band	(observation_source.likelihood_m)	[""]	[]
#Column	likelihood_s	(F9.2)	log likelihood of the single-observation detection computed by the Maximum Likelihood Estimator fit to the photon counts distribution; ACIS soft (0.5-1.2 keV) energy band	(observation_source.likelihood_s)	[""]	[]
#Column	likelihood_u	(F9.2)	log likelihood of the single-observation detection computed by the Maximum Likelihood Estimator fit to the photon counts distribution; ACIS ultrasoft (0.2-0.5 keV) energy band	(observation_source.likelihood_u)	[""]	[]
#Column	likelihood_w	(F9.2)	log likelihood of the single-observation detection computed by the Maximum Likelihood Estimator fit to the photon counts distribution; HRC wide (~0.1-10.0 keV) energy band	(observation_source.likelihood_w)	[""]	[]
#Column	gti_start	(F9.3)	Start time of valid observation data (MET: seconds since 1998 Jan 01 00:00:00 TT)	(observation_source.gti_start)	["s"]	[]
#Column	gti_stop	(F9.3)	Stop time of valid observation data (MET: seconds since 1998 Jan 01 00:00:00 TT)	(observation_source.gti_stop)	["s"]	[]
#Column	gti_elapse	(F9.3)	Total elapsed time of the observation (gti_stop - gti_start)	(observation_source.gti_elapse)	["s"]	[]
#Column	gti_obs	(A19)	Start time of valid observation data (TT), ISO 8601 format (yyyy-mm-ddThh:mm:ss)	(observation_source.gti_obs)	[""]	[]
#Column	gti_end	(A19)	Stop time of valid observation data (TT), ISO 8601 format (yyyy-mm-ddThh:mm:ss)	(observation_source.gti_end)	[""]	[]
#Column	gti_mjd_obs	(F9.5)	MJD corresponding to start time of valid observation data (TT)	(observation_source.gti_mjd_obs)	[""]	[]
#Column	mjd_ref	(F9.1)	MJD corresponding to 0s MET	(observation_source.mjd_ref)	[""]	[]
#Column	photflux_aper_b	(E9.3)	Aperture-corrected detection net photon flux inferred from the source region aperture, calculated by counting X-ray events; ACIS broad (0.5-7.0 keV) energy band	(observation_source.photflux_aper_b)	["photon/s/cm^2"]	[]
#Column	photflux_aper_lolim_b	(E9.3)	Aperture-corrected detection net photon flux inferred from the source region aperture, calculated by counting X-ray events (68% lower confidence limit); ACIS broad (0.5-7.0 keV) energy band	(observation_source.photflux_aper_lolim_b)	["photon/s/cm^2"]	[]
#Column	photflux_aper_hilim_b	(E9.3)	Aperture-corrected detection net photon flux inferred from the source region aperture, calculated by counting X-ray events (68% upper confidence limit); ACIS broad (0.5-7.0 keV) energy band	(observation_source.photflux_aper_hilim_b)	["photon/s/cm^2"]	[]
#Column	src_rate_aper_b	(F9.5)	Aperture-corrected detection net count rate inferred from the source region aperture; ACIS broad (0.5-7.0 keV) energy band	(observation_source.src_rate_aper_b)	["count/s"]	[]
#Column	src_rate_aper_lolim_b	(F9.5)	Aperture-corrected detection net count rate inferred from the source region aperture (68% lower confidence limit); ACIS broad (0.5-7.0 keV) energy band	(observation_source.src_rate_aper_lolim_b)	["count/s"]	[]
#Column	src_rate_aper_hilim_b	(F9.5)	Aperture-corrected detection net count rate inferred from the source region aperture (68% upper confidence limit); ACIS broad (0.5-7.0 keV) energy band	(observation_source.src_rate_aper_hilim_b)	["count/s"]	[]
#Column	dither_warning_flag	(A5)	Highest statistically significant peak in the power spectrum of the detection source region count rate occurs at the dither frequency or at a beat frequency of the dither frequency of the observation	(observation_source.dither_warning_flag)	[""]	[]
#Column	theta	(F9.3)	PSF 90% ECF aperture off-axis angle	(observation_source.theta)	["arcmin"]	[]
#Column	phi	(F9.2)	PSF 90% ECF aperture azimuthal angle	(observation_source.phi)	["deg"]	[]
#Column	src_rate_aper_w	(F9.5)	Aperture-corrected detection net count rate inferred from the source region aperture; HRC wide (~0.1-10.0 keV) energy band	(observation_source.src_rate_aper_w)	["count/s"]	[]
#Column	src_rate_aper_lolim_w	(F9.5)	Aperture-corrected detection net count rate inferred from the source region aperture (68% lower confidence limit); HRC wide (~0.1-10.0 keV) energy band	(observation_source.src_rate_aper_lolim_w)	["count/s"]	[]
#Column	src_rate_aper_hilim_w	(F9.5)	Aperture-corrected detection net count rate inferred from the source region aperture (68% upper confidence limit); HRC wide (~0.1-10.0 keV) energy band	(observation_source.src_rate_aper_hilim_w)	["count/s"]	[]
#Column	region_id	(I4)	Detection region identifier (component number)	(observation_source.region_id)	[""]	[]
#Column	flux_aper_h	(E9.3)	Aperture-corrected detection net energy flux inferred from the source region aperture, calculated by counting X-ray events; ACIS hard (2.0-7.0 keV) energy band	(observation_source.flux_aper_h)	["erg/s/cm^2"]	[]
#Column	flux_aper_lolim_h	(E9.3)	Aperture-corrected detection net energy flux inferred from the source region aperture, calculated by counting X-ray events (68% lower confidence limit); ACIS hard (2.0-7.0 keV) energy band	(observation_source.flux_aper_lolim_h)	["erg/s/cm^2"]	[]
#Column	flux_aper_hilim_h	(E9.3)	Aperture-corrected detection net energy flux inferred from the source region aperture, calculated by counting X-ray events (68% upper confidence limit); ACIS hard (2.0-7.0 keV) energy band	(observation_source.flux_aper_hilim_h)	["erg/s/cm^2"]	[]
#Column	src_cnts_aper_m	(F9.5)	Aperture-corrected detection net counts inferred from the source region aperture; ACIS medium (1.2-2.0 keV) energy band	(observation_source.src_cnts_aper_m)	["count"]	[]
#Column	src_cnts_aper_lolim_m	(F9.5)	Aperture-corrected detection net counts inferred from the source region aperture (68% lower confidence limit); ACIS medium (1.2-2.0 keV) energy band	(observation_source.src_cnts_aper_lolim_m)	["count"]	[]
#Column	src_cnts_aper_hilim_m	(F9.5)	Aperture-corrected detection net counts inferred from the source region aperture (68% upper confidence limit); ACIS medium (1.2-2.0 keV) energy band	(observation_source.src_cnts_aper_hilim_m)	["count"]	[]
#Column	photflux_aper_u	(E9.3)	Aperture-corrected detection net photon flux inferred from the source region aperture, calculated by counting X-ray events; ACIS ultrasoft (0.2-0.5 keV) energy band	(observation_source.photflux_aper_u)	["photon/s/cm^2"]	[]
#Column	photflux_aper_lolim_u	(E9.3)	Aperture-corrected detection net photon flux inferred from the source region aperture, calculated by counting X-ray events (68% lower confidence limit); ACIS ultrasoft (0.2-0.5 keV) energy band	(observation_source.photflux_aper_lolim_u)	["photon/s/cm^2"]	[]
#Column	photflux_aper_hilim_u	(E9.3)	Aperture-corrected detection net photon flux inferred from the source region aperture, calculated by counting X-ray events (68% upper confidence limit); ACIS ultrasoft (0.2-0.5 keV) energy band	(observation_source.photflux_aper_hilim_u)	["photon/s/cm^2"]	[]
#Column	src_cnts_aper_s	(F9.5)	Aperture-corrected detection net counts inferred from the source region aperture; ACIS soft (0.5-1.2 keV) energy band	(observation_source.src_cnts_aper_s)	["count"]	[]
#Column	src_cnts_aper_lolim_s	(F9.5)	Aperture-corrected detection net counts inferred from the source region aperture (68% lower confidence limit); ACIS soft (0.5-1.2 keV) energy band	(observation_source.src_cnts_aper_lolim_s)	["count"]	[]
#Column	src_cnts_aper_hilim_s	(F9.5)	Aperture-corrected detection net counts inferred from the source region aperture (68% upper confidence limit); ACIS soft (0.5-1.2 keV) energy band	(observation_source.src_cnts_aper_hilim_s)	["count"]	[]
#Column	src_rate_aper_h	(F9.5)	Aperture-corrected detection net count rate inferred from the source region aperture; ACIS hard (2.0-7.0 keV) energy band	(observation_source.src_rate_aper_h)	["count/s"]	[]
#Column	src_rate_aper_lolim_h	(F9.5)	Aperture-corrected detection net count rate inferred from the source region aperture (68% lower confidence limit); ACIS hard (2.0-7.0 keV) energy band	(observation_source.src_rate_aper_lolim_h)	["count/s"]	[]
#Column	src_rate_aper_hilim_h	(F9.5)	Aperture-corrected detection net count rate inferred from the source region aperture (68% upper confidence limit); ACIS hard (2.0-7.0 keV) energy band	(observation_source.src_rate_aper_hilim_h)	["count/s"]	[]
#Column	flux_significance_b	(F9.2)	Significance of the single-observation detection determined from the ratio of the single-observation detection photon flux to the estimated error in the photon flux; ACIS broad (0.5-7.0 keV) energy band	(observation_source.flux_significance_b)	[""]	[]
#Column	flux_significance_h	(F9.2)	Significance of the single-observation detection determined from the ratio of the single-observation detection photon flux to the estimated error in the photon flux; ACIS hard (2.0-7.0 keV) energy band	(observation_source.flux_significance_h)	[""]	[]
#Column	flux_significance_m	(F9.2)	Significance of the single-observation detection determined from the ratio of the single-observation detection photon flux to the estimated error in the photon flux; ACIS medium (1.2-2.0 keV) energy band	(observation_source.flux_significance_m)	[""]	[]
#Column	flux_significance_s	(F9.2)	Significance of the single-observation detection determined from the ratio of the single-observation detection photon flux to the estimated error in the photon flux; ACIS soft (0.5-1.2 keV) energy band	(observation_source.flux_significance_s)	[""]	[]
#Column	flux_significance_u	(F9.2)	Significance of the single-observation detection determined from the ratio of the single-observation detection photon flux to the estimated error in the photon flux; ACIS ultrasoft (0.2-0.5 keV) energy band	(observation_source.flux_significance_u)	[""]	[]
#Column	flux_significance_w	(F9.2)	Significance of the single-observation detection determined from the ratio of the single-observation detection photon flux to the estimated error in the photon flux; HRC wide (~0.1-10.0 keV) energy band	(observation_source.flux_significance_w)	[""]	[]
#Column	src_rate_aper_u	(F9.5)	Aperture-corrected detection net count rate inferred from the source region aperture; ACIS ultrasoft (0.2-0.5 keV) energy band	(observation_source.src_rate_aper_u)	["count/s"]	[]
#Column	src_rate_aper_lolim_u	(F9.5)	Aperture-corrected detection net count rate inferred from the source region aperture (68% lower confidence limit); ACIS ultrasoft (0.2-0.5 keV) energy band	(observation_source.src_rate_aper_lolim_u)	["count/s"]	[]
#Column	src_rate_aper_hilim_u	(F9.5)	Aperture-corrected detection net count rate inferred from the source region aperture (68% upper confidence limit); ACIS ultrasoft (0.2-0.5 keV) energy band	(observation_source.src_rate_aper_hilim_u)	["count/s"]	[]
#Column	flux_aper_b	(E9.3)	Aperture-corrected detection net energy flux inferred from the source region aperture, calculated by counting X-ray events; ACIS broad (0.5-7.0 keV) energy band	(observation_source.flux_aper_b)	["erg/s/cm^2"]	[]
#Column	flux_aper_lolim_b	(E9.3)	Aperture-corrected detection net energy flux inferred from the source region aperture, calculated by counting X-ray events (68% lower confidence limit); ACIS broad (0.5-7.0 keV) energy band	(observation_source.flux_aper_lolim_b)	["erg/s/cm^2"]	[]
#Column	flux_aper_hilim_b	(E9.3)	Aperture-corrected detection net energy flux inferred from the source region aperture, calculated by counting X-ray events (68% upper confidence limit); ACIS broad (0.5-7.0 keV) energy band	(observation_source.flux_aper_hilim_b)	["erg/s/cm^2"]	[]
#Column	flux_aper_u	(E9.3)	Aperture-corrected detection net energy flux inferred from the source region aperture, calculated by counting X-ray events; ACIS ultrasoft (0.2-0.5 keV) energy band	(observation_source.flux_aper_u)	["erg/s/cm^2"]	[]
#Column	flux_aper_lolim_u	(E9.3)	Aperture-corrected detection net energy flux inferred from the source region aperture, calculated by counting X-ray events (68% lower confidence limit); ACIS ultrasoft (0.2-0.5 keV) energy band	(observation_source.flux_aper_lolim_u)	["erg/s/cm^2"]	[]
#Column	flux_aper_hilim_u	(E9.3)	Aperture-corrected detection net energy flux inferred from the source region aperture, calculated by counting X-ray events (68% upper confidence limit); ACIS ultrasoft (0.2-0.5 keV) energy band	(observation_source.flux_aper_hilim_u)	["erg/s/cm^2"]	[]
#Column	flux_aper_m	(E9.3)	Aperture-corrected detection net energy flux inferred from the source region aperture, calculated by counting X-ray events; ACIS medium (1.2-2.0 keV) energy band	(observation_source.flux_aper_m)	["erg/s/cm^2"]	[]
#Column	flux_aper_lolim_m	(E9.3)	Aperture-corrected detection net energy flux inferred from the source region aperture, calculated by counting X-ray events (68% lower confidence limit); ACIS medium (1.2-2.0 keV) energy band	(observation_source.flux_aper_lolim_m)	["erg/s/cm^2"]	[]
#Column	flux_aper_hilim_m	(E9.3)	Aperture-corrected detection net energy flux inferred from the source region aperture, calculated by counting X-ray events (68% upper confidence limit); ACIS medium (1.2-2.0 keV) energy band	(observation_source.flux_aper_hilim_m)	["erg/s/cm^2"]	[]
#Column	flux_aper_w	(E9.3)	Aperture-corrected detection net energy flux inferred from the source region aperture, calculated by counting X-ray events; HRC wide (~0.1-10.0 keV) energy band	(observation_source.flux_aper_w)	["erg/s/cm^2"]	[]
#Column	flux_aper_lolim_w	(E9.3)	Aperture-corrected detection net energy flux inferred from the source region aperture, calculated by counting X-ray events (68% lower confidence limit); HRC wide (~0.1-10.0 keV) energy band	(observation_source.flux_aper_lolim_w)	["erg/s/cm^2"]	[]
#Column	flux_aper_hilim_w	(E9.3)	Aperture-corrected detection net energy flux inferred from the source region aperture, calculated by counting X-ray events (68% upper confidence limit); HRC wide (~0.1-10.0 keV) energy band	(observation_source.flux_aper_hilim_w)	["erg/s/cm^2"]	[]
#Column	photflux_aper_h	(E9.3)	Aperture-corrected detection net photon flux inferred from the source region aperture, calculated by counting X-ray events; ACIS hard (2.0-7.0 keV) energy band	(observation_source.photflux_aper_h)	["photon/s/cm^2"]	[]
#Column	photflux_aper_lolim_h	(E9.3)	Aperture-corrected detection net photon flux inferred from the source region aperture, calculated by counting X-ray events (68% lower confidence limit); ACIS hard (2.0-7.0 keV) energy band	(observation_source.photflux_aper_lolim_h)	["photon/s/cm^2"]	[]
#Column	photflux_aper_hilim_h	(E9.3)	Aperture-corrected detection net photon flux inferred from the source region aperture, calculated by counting X-ray events (68% upper confidence limit); ACIS hard (2.0-7.0 keV) energy band	(observation_source.photflux_aper_hilim_h)	["photon/s/cm^2"]	[]
#Column	src_cnts_aper_b	(F9.5)	Aperture-corrected detection net counts inferred from the source region aperture; ACIS broad (0.5-7.0 keV) energy band	(observation_source.src_cnts_aper_b)	["count"]	[]
#Column	src_cnts_aper_lolim_b	(F9.5)	Aperture-corrected detection net counts inferred from the source region aperture (68% lower confidence limit); ACIS broad (0.5-7.0 keV) energy band	(observation_source.src_cnts_aper_lolim_b)	["count"]	[]
#Column	src_cnts_aper_hilim_b	(F9.5)	Aperture-corrected detection net counts inferred from the source region aperture (68% upper confidence limit); ACIS broad (0.5-7.0 keV) energy band	(observation_source.src_cnts_aper_hilim_b)	["count"]	[]
#Column	photflux_aper_m	(E9.3)	Aperture-corrected detection net photon flux inferred from the source region aperture, calculated by counting X-ray events; ACIS medium (1.2-2.0 keV) energy band	(observation_source.photflux_aper_m)	["photon/s/cm^2"]	[]
#Column	photflux_aper_lolim_m	(E9.3)	Aperture-corrected detection net photon flux inferred from the source region aperture, calculated by counting X-ray events (68% lower confidence limit); ACIS medium (1.2-2.0 keV) energy band	(observation_source.photflux_aper_lolim_m)	["photon/s/cm^2"]	[]
#Column	photflux_aper_hilim_m	(E9.3)	Aperture-corrected detection net photon flux inferred from the source region aperture, calculated by counting X-ray events (68% upper confidence limit); ACIS medium (1.2-2.0 keV) energy band	(observation_source.photflux_aper_hilim_m)	["photon/s/cm^2"]	[]
#Column	hard_hm	(F9.4)	ACIS hard (2.0-7.0 keV) - medium (1.2-2.0 keV) energy band photon flux hardness ratio	(observation_source.hard_hm)	[""]	[]
#Column	hard_hm_lolim	(F9.4)	ACIS hard (2.0-7.0 keV) - medium (1.2-2.0 keV) energy band photon flux hardness ratio (68% lower confidence limit)	(observation_source.hard_hm_lolim)	[""]	[]
#Column	hard_hm_hilim	(F9.4)	ACIS hard (2.0-7.0 keV) - medium (1.2-2.0 keV) energy band photon flux hardness ratio (68% upper confidence limit)	(observation_source.hard_hm_hilim)	[""]	[]
#Column	hard_hs	(F9.4)	ACIS hard (2.0-7.0 keV) - soft (0.5-1.2 keV) energy band photon flux hardness ratio	(observation_source.hard_hs)	[""]	[]
#Column	hard_hs_lolim	(F9.4)	ACIS hard (2.0-7.0 keV) - soft (0.5-1.2 keV) energy band photon flux hardness ratio (68% lower confidence limit)	(observation_source.hard_hs_lolim)	[""]	[]
#Column	hard_hs_hilim	(F9.4)	ACIS hard (2.0-7.0 keV) - soft (0.5-1.2 keV) energy band photon flux hardness ratio (68% upper confidence limit)	(observation_source.hard_hs_hilim)	[""]	[]
#Column	hard_ms	(F9.4)	ACIS medium (1.2-2.0 keV) - soft (0.5-1.2 keV) energy band photon flux hardness ratio	(observation_source.hard_ms)	[""]	[]
#Column	hard_ms_lolim	(F9.4)	ACIS medium (1.2-2.0 keV) - soft (0.5-1.2 keV) energy band photon flux hardness ratio (68% lower confidence limit)	(observation_source.hard_ms_lolim)	[""]	[]
#Column	hard_ms_hilim	(F9.4)	ACIS medium (1.2-2.0 keV) - soft (0.5-1.2 keV) energy band photon flux hardness ratio (68% upper confidence limit)	(observation_source.hard_ms_hilim)	[""]	[]
#Column	flux_powlaw	(E9.3)	Net integrated 0.5-7.0 keV energy flux of the best fitting  absorbed power-law model spectrum to the source region aperture PI spectrum	(observation_source.flux_powlaw)	["erg/s/cm^2"]	[]
#Column	flux_powlaw_lolim	(E9.3)	Net integrated 0.5-7.0 keV energy flux of the best fitting  absorbed power-law model spectrum to the source region aperture PI spectrum (68% lower confidence limit)	(observation_source.flux_powlaw_lolim)	["erg/s/cm^2"]	[]
#Column	flux_powlaw_hilim	(E9.3)	Net integrated 0.5-7.0 keV energy flux of the best fitting  absorbed power-law model spectrum to the source region aperture PI spectrum (68% upper confidence limit)	(observation_source.flux_powlaw_hilim)	["erg/s/cm^2"]	[]
#Column	powlaw_gamma	(F9.3)	Photon index, defined as F_E ~ E^(-Gamma), of the best fitting  absorbed power-law model spectrum to the source region aperture PI spectrum	(observation_source.powlaw_gamma)	[""]	[]
#Column	powlaw_gamma_lolim	(F9.3)	Photon index, defined as F_E ~ E^(-Gamma), of the best fitting  absorbed power-law model spectrum to the source region aperture PI spectrum (68% lower confidence limit)	(observation_source.powlaw_gamma_lolim)	[""]	[]
#Column	powlaw_gamma_hilim	(F9.3)	Photon index, defined as F_E ~ E^(-Gamma), of the best fitting  absorbed power-law model spectrum to the source region aperture PI spectrum (68% upper confidence limit)	(observation_source.powlaw_gamma_hilim)	[""]	[]
#Column	powlaw_gamma_rhat	(F9.4)	Photon index convergence criterion of the best fitting  absorbed power-law model spectrum to the source region aperture PI spectrum	(observation_source.powlaw_gamma_rhat)	[""]	[]
#Column	powlaw_nh	(F9.4)	N_H column density of the best fitting  absorbed power-law model spectrum to the source region aperture PI spectrum	(observation_source.powlaw_nh)	["10^20/cm^2"]	[]
#Column	powlaw_nh_lolim	(F9.4)	N_H column density of the best fitting  absorbed power-law model spectrum to the source region aperture PI spectrum (68% lower confidence limit)	(observation_source.powlaw_nh_lolim)	["10^20/cm^2"]	[]
#Column	powlaw_nh_hilim	(F9.4)	N_H column density of the best fitting  absorbed power-law model spectrum to the source region aperture PI spectrum (68% upper confidence limit)	(observation_source.powlaw_nh_hilim)	["10^20/cm^2"]	[]
#Column	powlaw_nh_rhat	(F9.4)	N_H column density convergence criterion of the best fitting  absorbed power-law model spectrum to the source region aperture PI spectrum	(observation_source.powlaw_nh_rhat)	[""]	[]
#Column	powlaw_ampl	(F9.4)	Amplitude of the best fitting  absorbed power-law model spectrum to the source region aperture PI spectrum	(observation_source.powlaw_ampl)	[""]	[]
#Column	powlaw_ampl_lolim	(F9.4)	Amplitude of the best fitting  absorbed power-law model spectrum to the source region aperture PI spectrum (68% lower confidence limit)	(observation_source.powlaw_ampl_lolim)	[""]	[]
#Column	powlaw_ampl_hilim	(F9.4)	Amplitude of the best fitting  absorbed power-law model spectrum to the source region aperture PI spectrum (68% upperer confidence limit)	(observation_source.powlaw_ampl_hilim)	[""]	[]
#Column	powlaw_ampl_rhat	(F9.4)	Amplitude convergence criterion of the best fitting  absorbed power-law model spectrum to the source region aperture PI spectrum	(observation_source.powlaw_ampl_rhat)	[""]	[]
#Column	powlaw_stat	(F9.3)	chi-square statistic per degree of freedom of the best fitting  absorbed power-law model spectrum to the source region aperture PI spectrum	(observation_source.powlaw_stat)	[""]	[]
#Column	flux_bb	(E9.3)	Net integrated 0.5-7.0 keV energy flux of the best fitting  absorbed black body model spectrum to the source region aperture PI spectrum	(observation_source.flux_bb)	["erg/s/cm^2"]	[]
#Column	flux_bb_lolim	(E9.3)	Net integrated 0.5-7.0 keV energy flux of the best fitting  absorbed black body model spectrum to the source region aperture PI spectrum (68% lower confidence limit)	(observation_source.flux_bb_lolim)	["erg/s/cm^2"]	[]
#Column	flux_bb_hilim	(E9.3)	Net integrated 0.5-7.0 keV energy flux of the best fitting  absorbed black body model spectrum to the source region aperture PI spectrum (68% upper confidence limit)	(observation_source.flux_bb_hilim)	["erg/s/cm^2"]	[]
#Column	bb_kt	(F9.4)	Temperature (kT) of the best fitting  absorbed black body model spectrum to the source region aperture PI spectrum	(observation_source.bb_kt)	["keV"]	[]
#Column	bb_kt_lolim	(F9.4)	Temperature (kT) of the best fitting  absorbed black body model spectrum to the source region aperture PI spectrum (68% lower confidence limit)	(observation_source.bb_kt_lolim)	["keV"]	[]
#Column	bb_kt_hilim	(F9.4)	Temperature (kT) of the best fitting  absorbed black body model spectrum to the source region aperture PI spectrum (68% upper confidence limit)	(observation_source.bb_kt_hilim)	["keV"]	[]
#Column	bb_kt_rhat	(F9.4)	Temperature (kT) convergence criterion of the best fitting  absorbed black body model spectrum to the source region aperture PI spectrum	(observation_source.bb_kt_rhat)	[""]	[]
#Column	bb_nh	(F9.4)	N_H column density of the best fitting  absorbed black body model spectrum to the source region aperture PI spectrum	(observation_source.bb_nh)	["10^20/cm^2"]	[]
#Column	bb_nh_lolim	(F9.4)	N_H column density of the best fitting  absorbed black body model spectrum to the source region aperture PI spectrum (68% lower confidence limit)	(observation_source.bb_nh_lolim)	["10^20/cm^2"]	[]
#Column	bb_nh_hilim	(F9.4)	N_H column density of the best fitting  absorbed black body model spectrum to the source region aperture PI spectrum (68% upper confidence limit)	(observation_source.bb_nh_hilim)	["10^20/cm^2"]	[]
#Column	bb_nh_rhat	(F9.4)	N_H column density convergence criterion of the best fitting  absorbed black body model spectrum to the source region aperture PI spectrum	(observation_source.bb_nh_rhat)	[""]	[]
#Column	bb_ampl	(F9.4)	Amplitude of the best fitting  absorbed black body model spectrum to the source region aperture PI spectrum	(observation_source.bb_ampl)	[""]	[]
#Column	bb_ampl_lolim	(F9.4)	Amplitude of the best fitting  absorbed black body model spectrum to the source region aperture PI spectrum (68% lower confidence limit)	(observation_source.bb_ampl_lolim)	[""]	[]
#Column	bb_ampl_hilim	(F9.4)	Amplitude of the best fitting  absorbed black body model spectrum to the source region aperture PI spectrum (68% upperer confidence limit)	(observation_source.bb_ampl_hilim)	[""]	[]
#Column	bb_ampl_rhat	(F9.4)	Amplitude convergence criterion of the best fitting  absorbed black body model spectrum to the source region aperture PI spectrum	(observation_source.bb_ampl_rhat)	[""]	[]
#Column	bb_stat	(F9.3)	chi-square statistic per degree of freedom of the best fitting  absorbed black body model spectrum to the source region aperture PI spectrum	(observation_source.bb_stat)	[""]	[]
#Column	flux_brems	(E9.3)	Net integrated 0.5-7.0 keV energy flux of the best fitting  absorbed bremsstrahlung model spectrum to the source region aperture PI spectrum	(observation_source.flux_brems)	["erg/s/cm^2"]	[]
#Column	flux_brems_lolim	(E9.3)	Net integrated 0.5-7.0 keV energy flux of the best fitting  absorbed bremsstrahlung model spectrum to the source region aperture PI spectrum (68% lower confidence limit)	(observation_source.flux_brems_lolim)	["erg/s/cm^2"]	[]
#Column	flux_brems_hilim	(E9.3)	Net integrated 0.5-7.0 keV energy flux of the best fitting  absorbed bremsstrahlung model spectrum to the source region aperture PI spectrum (68% upper confidence limit)	(observation_source.flux_brems_hilim)	["erg/s/cm^2"]	[]
#Column	brems_kt	(F9.4)	Temperature (kT) of the best fitting  absorbed bremsstrahlung model spectrum to the source region aperture PI spectrum	(observation_source.brems_kt)	["keV"]	[]
#Column	brems_kt_lolim	(F9.4)	Temperature (kT) of the best fitting  absorbed bremsstrahlung model spectrum to the source region aperture PI spectrum (68% lower confidence limit)	(observation_source.brems_kt_lolim)	["keV"]	[]
#Column	brems_kt_hilim	(F9.4)	Temperature (kT) of the best fitting  absorbed bremsstrahlung model spectrum to the source region aperture PI spectrum (68% upper confidence limit)	(observation_source.brems_kt_hilim)	["keV"]	[]
#Column	brems_kt_rhat	(F9.4)	Temperature (kT) convergence criterion of the best fitting  absorbed bremsstrahlung model spectrum to the source region aperture PI spectrum	(observation_source.brems_kt_rhat)	[""]	[]
#Column	brems_nh	(F9.4)	N_H column density of the best fitting  absorbed bremsstrahlung model spectrum to the source region aperture PI spectrum	(observation_source.brems_nh)	["10^20/cm^2"]	[]
#Column	brems_nh_lolim	(F9.4)	N_H column density of the best fitting  absorbed bremsstrahlung model spectrum to the source region aperture PI spectrum (68% lower confidence limit)	(observation_source.brems_nh_lolim)	["10^20/cm^2"]	[]
#Column	brems_nh_hilim	(F9.4)	N_H column density of the best fitting  absorbed bremsstrahlung model spectrum to the source region aperture PI spectrum (68% upper confidence limit)	(observation_source.brems_nh_hilim)	["10^20/cm^2"]	[]
#Column	brems_nh_rhat	(F9.4)	N_H column density convergence criterion of the best fitting  absorbed bremsstrahlung model spectrum to the source region aperture PI spectrum	(observation_source.brems_nh_rhat)	[""]	[]
#Column	brems_norm	(F9.4)	Amplitude of the best fitting  absorbed bremsstrahlung model spectrum to the source region aperture PI spectrum	(observation_source.brems_norm)	[""]	[]
#Column	brems_norm_lolim	(F9.4)	Amplitude of the best fitting  absorbed bremsstrahlung model spectrum to the source region aperture PI spectrum (68% lower confidence limit)	(observation_source.brems_norm_lolim)	[""]	[]
#Column	brems_norm_hilim	(F9.4)	Amplitude of the best fitting  absorbed bremsstrahlung model spectrum to the source region aperture PI spectrum (68% upperer confidence limit)	(observation_source.brems_norm_hilim)	[""]	[]
#Column	brems_norm_rhat	(F9.4)	Amplitude convergence criterion of the best fitting  absorbed bremsstrahlung model spectrum to the source region aperture PI spectrum	(observation_source.brems_norm_rhat)	[""]	[]
#Column	brems_stat	(F9.3)	chi-square statistic per degree of freedom of the best fitting  absorbed bremsstrahlung model spectrum to the source region aperture PI spectrum	(observation_source.brems_stat)	[""]	[]
#Column	flux_apec	(E9.3)	Net integrated 0.5-7.0 keV energy flux of the best fitting  absorbed APEC model spectrum to the source region aperture PI spectrum	(observation_source.flux_apec)	["erg/s/cm^2"]	[]
#Column	flux_apec_lolim	(E9.3)	Net integrated 0.5-7.0 keV energy flux of the best fitting  absorbed APEC model spectrum to the source region aperture PI spectrum (68% lower confidence limit)	(observation_source.flux_apec_lolim)	["erg/s/cm^2"]	[]
#Column	flux_apec_hilim	(E9.3)	Net integrated 0.5-7.0 keV energy flux of the best fitting  absorbed APEC model spectrum to the source region aperture PI spectrum (68% upper confidence limit)	(observation_source.flux_apec_hilim)	["erg/s/cm^2"]	[]
#Column	apec_kt	(F9.4)	Temperature (kT) of the best fitting  absorbed APEC model spectrum to the source region aperture PI spectrum	(observation_source.apec_kt)	["keV"]	[]
#Column	apec_kt_lolim	(F9.4)	Temperature (kT) of the best fitting  absorbed APEC model spectrum to the source region aperture PI spectrum (68% lower confidence limit)	(observation_source.apec_kt_lolim)	["keV"]	[]
#Column	apec_kt_hilim	(F9.4)	Temperature (kT) of the best fitting  absorbed APEC model spectrum to the source region aperture PI spectrum (68% upper confidence limit)	(observation_source.apec_kt_hilim)	["keV"]	[]
#Column	apec_kt_rhat	(F9.4)	Temperature (kT) convergence criterion of the best fitting  absorbed APEC model spectrum to the source region aperture PI spectrum	(observation_source.apec_kt_rhat)	[""]	[]
#Column	apec_abund	(F9.4)	Abundance of the best fitting  absorbed APEC model spectrum to the source region aperture PI spectrum	(observation_source.apec_abund)	[""]	[]
#Column	apec_abund_lolim	(F9.4)	Abundance of the best fitting  absorbed APEC model spectrum to the source region aperture PI spectrum (68% lower confidence limit)	(observation_source.apec_abund_lolim)	[""]	[]
#Column	apec_abund_hilim	(F9.4)	Abundance of the best fitting  absorbed APEC model spectrum to the source region aperture PI spectrum (68% upper confidence limit)	(observation_source.apec_abund_hilim)	[""]	[]
#Column	apec_abund_rhat	(F9.4)	Abundance convergence criterion of the best fitting  absorbed APEC model spectrum to the source region aperture PI spectrum	(observation_source.apec_abund_rhat)	[""]	[]
#Column	apec_z	(F9.4)	Redshift of the best fitting  absorbed APEC model spectrum to the source region aperture PI spectrum	(observation_source.apec_z)	[""]	[]
#Column	apec_z_lolim	(F9.4)	Redshift of the best fitting  absorbed APEC model spectrum to the source region aperture PI spectrum (68% lower confidence limit)	(observation_source.apec_z_lolim)	[""]	[]
#Column	apec_z_hilim	(F9.4)	Redshift of the best fitting  absorbed APEC model spectrum to the source region aperture PI spectrum (68% upper confidence limit)	(observation_source.apec_z_hilim)	[""]	[]
#Column	apec_z_rhat	(F9.4)	Redshift convergence criterion Redshift of the best fitting  absorbed APEC model spectrum to the source region aperture PI spectrum	(observation_source.apec_z_rhat)	[""]	[]
#Column	apec_nh	(F9.4)	N_H column density of the best fitting  absorbed APEC model spectrum to the source region aperture PI spectrum	(observation_source.apec_nh)	["10^20/cm^2"]	[]
#Column	apec_nh_lolim	(F9.4)	N_H column density of the best fitting  absorbed APEC model spectrum to the source region aperture PI spectrum (68% lower confidence limit)	(observation_source.apec_nh_lolim)	["10^20/cm^2"]	[]
#Column	apec_nh_hilim	(F9.4)	N_H column density of the best fitting  absorbed APEC model spectrum to the source region aperture PI spectrum (68% upper confidence limit)	(observation_source.apec_nh_hilim)	["10^20/cm^2"]	[]
#Column	apec_nh_rhat	(F9.4)	N_H column density convergence criterion of the best fitting  absorbed APEC model spectrum to the source region aperture PI spectrum	(observation_source.apec_nh_rhat)	[""]	[]
#Column	apec_norm	(F9.4)	Amplitude of the best fitting  absorbed APEC model spectrum to the source region aperture PI spectrum	(observation_source.apec_norm)	[""]	[]
#Column	apec_norm_lolim	(F9.4)	Amplitude of the best fitting  absorbed APEC model spectrum to the source region aperture PI spectrum (68% lower confidence limit)	(observation_source.apec_norm_lolim)	[""]	[]
#Column	apec_norm_hilim	(F9.4)	Amplitude of the best fitting  absorbed APEC model spectrum to the source region aperture PI spectrum (68% upperer confidence limit)	(observation_source.apec_norm_hilim)	[""]	[]
#Column	apec_norm_rhat	(F9.4)	Amplitude convergence criterion of the best fitting  absorbed APEC model spectrum to the source region aperture PI spectrum	(observation_source.apec_norm_rhat)	[""]	[]
#Column	apec_stat	(F9.3)	chi-square statistic per degree of freedom of the best fitting  absorbed APEC model spectrum to the source region aperture PI spectrum	(observation_source.apec_stat)	[""]	[]
#Column	var_index_b	(I2)	Intra-observation Gregory-Loredo variability index in the range [0, 10]: indicates whether the source region photon flux is constant within an observation; ACIS broad (0.5-7.0 keV) energy band	(observation_source.var_index_b)	[""]	[]
#Column	var_prob_b	(F9.3)	Intra-observation Gregory-Loredo variability probability; ACIS broad (0.5-7.0 keV) energy band	(observation_source.var_prob_b)	[""]	[]
#Column	ks_prob_b	(F9.3)	Intra-observation Kolmogorov-Smirnov test variability probability; ACIS broad (0.5-7.0 keV) energy band	(observation_source.ks_prob_b)	[""]	[]
#Column	kp_prob_b	(F9.3)	Intra-observation Kuiper's test variability probability; ACIS broad (0.5-7.0 keV) energy band	(observation_source.kp_prob_b)	[""]	[]
#Column	var_sigma_b	(F9.4)	Flux variability standard deviation, calculated from an optimally-binned light curve; ACIS broad (0.5-7.0 keV) energy band	(observation_source.var_sigma_b)	["count/s"]	[]
#Column	var_mean_b	(F9.4)	Flux variability mean value, calculated from an optimally-binned light curve; ACIS broad (0.5-7.0 keV) energy band	(observation_source.var_mean_b)	["count/s"]	[]
#Column	var_min_b	(F9.4)	Flux variability minimum value, calculated from an optimally-binned light curve; ACIS broad (0.5-7.0 keV) energy band	(observation_source.var_min_b)	["count/s"]	[]
#Column	var_max_b	(F9.4)	Flux variability maximum value, calculated from an optimally-binned light curve; ACIS broad (0.5-7.0 keV) energy band	(observation_source.var_max_b)	["count/s"]	[]
#Column	var_index_h	(I2)	Intra-observation Gregory-Loredo variability index in the range [0, 10]: indicates whether the source region photon flux is constant within an observation; ACIS hard (2.0-7.0 keV) energy band	(observation_source.var_index_h)	[""]	[]
#Column	var_prob_h	(F9.3)	Intra-observation Gregory-Loredo variability probability; ACIS hard (2.0-7.0 keV) energy band	(observation_source.var_prob_h)	[""]	[]
#Column	ks_prob_h	(F9.3)	Intra-observation Kolmogorov-Smirnov test variability probability; ACIS hard (2.0-7.0 keV) energy band	(observation_source.ks_prob_h)	[""]	[]
#Column	kp_prob_h	(F9.3)	Intra-observation Kuiper's test variability probability; ACIS hard (2.0-7.0 keV) energy band	(observation_source.kp_prob_h)	[""]	[]
#Column	var_sigma_h	(F9.4)	Flux variability standard deviation, calculated from an optimally-binned light curve; ACIS hard (2.0-7.0 keV) energy band	(observation_source.var_sigma_h)	["count/s"]	[]
#Column	var_mean_h	(F9.4)	Flux variability mean value, calculated from an optimally-binned light curve; ACIS hard (2.0-7.0 keV) energy band	(observation_source.var_mean_h)	["count/s"]	[]
#Column	var_min_h	(F9.4)	Flux variability minimum value, calculated from an optimally-binned light curve; ACIS hard (2.0-7.0 keV) energy band	(observation_source.var_min_h)	["count/s"]	[]
#Column	var_max_h	(F9.4)	Flux variability maximum value, calculated from an optimally-binned light curve; ACIS hard (2.0-7.0 keV) energy band	(observation_source.var_max_h)	["count/s"]	[]
#Column	var_index_m	(I2)	Intra-observation Gregory-Loredo variability index in the range [0, 10]: indicates whether the source region photon flux is constant within an observation; ACIS medium (1.2-2.0 keV) energy band	(observation_source.var_index_m)	[""]	[]
#Column	var_prob_m	(F9.3)	Intra-observation Gregory-Loredo variability probability; ACIS medium (1.2-2.0 keV) energy band	(observation_source.var_prob_m)	[""]	[]
#Column	ks_prob_m	(F9.3)	Intra-observation Kolmogorov-Smirnov test variability probability; ACIS medium (1.2-2.0 keV) energy band	(observation_source.ks_prob_m)	[""]	[]
#Column	kp_prob_m	(F9.3)	Intra-observation Kuiper's test variability probability; ACIS medium (1.2-2.0 keV) energy band	(observation_source.kp_prob_m)	[""]	[]
#Column	var_sigma_m	(F9.4)	Flux variability standard deviation, calculated from an optimally-binned light curve; ACIS medium (1.2-2.0 keV) energy band	(observation_source.var_sigma_m)	["count/s"]	[]
#Column	var_mean_m	(F9.4)	Flux variability mean value, calculated from an optimally-binned light curve; ACIS medium (1.2-2.0 keV) energy band	(observation_source.var_mean_m)	["count/s"]	[]
#Column	var_min_m	(F9.4)	Flux variability minimum value, calculated from an optimally-binned light curve; ACIS medium (1.2-2.0 keV) energy band	(observation_source.var_min_m)	["count/s"]	[]
#Column	var_max_m	(F9.4)	Flux variability maximum value, calculated from an optimally-binned light curve; ACIS medium (1.2-2.0 keV) energy band	(observation_source.var_max_m)	["count/s"]	[]
#Column	var_index_s	(I2)	Intra-observation Gregory-Loredo variability index in the range [0, 10]: indicates whether the source region photon flux is constant within an observation; ACIS soft (0.5-1.2 keV) energy band	(observation_source.var_index_s)	[""]	[]
#Column	var_prob_s	(F9.3)	Intra-observation Gregory-Loredo variability probability; ACIS soft (0.5-1.2 keV) energy band	(observation_source.var_prob_s)	[""]	[]
#Column	ks_prob_s	(F9.3)	Intra-observation Kolmogorov-Smirnov test variability probability; ACIS soft (0.5-1.2 keV) energy band	(observation_source.ks_prob_s)	[""]	[]
#Column	kp_prob_s	(F9.3)	Intra-observation Kuiper's test variability probability; ACIS soft (0.5-1.2 keV) energy band	(observation_source.kp_prob_s)	[""]	[]
#Column	var_sigma_s	(F9.4)	Flux variability standard deviation, calculated from an optimally-binned light curve; ACIS soft (0.5-1.2 keV) energy band	(observation_source.var_sigma_s)	["count/s"]	[]
#Column	var_mean_s	(F9.4)	Flux variability mean value, calculated from an optimally-binned light curve; ACIS soft (0.5-1.2 keV) energy band	(observation_source.var_mean_s)	["count/s"]	[]
#Column	var_min_s	(F9.4)	Flux variability minimum value, calculated from an optimally-binned light curve; ACIS soft (0.5-1.2 keV) energy band	(observation_source.var_min_s)	["count/s"]	[]
#Column	var_max_s	(F9.4)	Flux variability maximum value, calculated from an optimally-binned light curve; ACIS soft (0.5-1.2 keV) energy band	(observation_source.var_max_s)	["count/s"]	[]
#Column	var_index_u	(I2)	Intra-observation Gregory-Loredo variability index in the range [0, 10]: indicates whether the source region photon flux is constant within an observation; ACIS ultrasoft (0.2-0.5 keV) energy band	(observation_source.var_index_u)	[""]	[]
#Column	var_prob_u	(F9.3)	Intra-observation Gregory-Loredo variability probability; ACIS ultrasoft (0.2-0.5 keV) energy band	(observation_source.var_prob_u)	[""]	[]
#Column	ks_prob_u	(F9.3)	Intra-observation Kolmogorov-Smirnov test variability probability; ACIS ultrasoft (0.2-0.5 keV) energy band	(observation_source.ks_prob_u)	[""]	[]
#Column	kp_prob_u	(F9.3)	Intra-observation Kuiper's test variability probability; ACIS ultrasoft (0.2-0.5 keV) energy band	(observation_source.kp_prob_u)	[""]	[]
#Column	var_sigma_u	(F9.4)	Flux variability standard deviation, calculated from an optimally-binned light curve; ACIS ultrasoft (0.2-0.5 keV) energy band	(observation_source.var_sigma_u)	["count/s"]	[]
#Column	var_mean_u	(F9.4)	Flux variability mean value, calculated from an optimally-binned light curve; ACIS ultrasoft (0.2-0.5 keV) energy band	(observation_source.var_mean_u)	["count/s"]	[]
#Column	var_min_u	(F9.4)	Flux variability minimum value, calculated from an optimally-binned light curve; ACIS ultrasoft (0.2-0.5 keV) energy band	(observation_source.var_min_u)	["count/s"]	[]
#Column	var_max_u	(F9.4)	Flux variability maximum value, calculated from an optimally-binned light curve; ACIS ultrasoft (0.2-0.5 keV) energy band	(observation_source.var_max_u)	["count/s"]	[]
#Column	var_index_w	(I2)	Intra-observation Gregory-Loredo variability index in the range [0, 10]: indicates whether the source region photon flux is constant within an observation; HRC wide (~0.1-10.0 keV) energy band	(observation_source.var_index_w)	[""]	[]
#Column	var_prob_w	(F9.3)	Intra-observation Gregory-Loredo variability probability; HRC wide (~0.1-10.0 keV) energy band	(observation_source.var_prob_w)	[""]	[]
#Column	ks_prob_w	(F9.3)	Intra-observation Kolmogorov-Smirnov test variability probability; HRC wide (~0.1-10.0 keV) energy band	(observation_source.ks_prob_w)	[""]	[]
#Column	kp_prob_w	(F9.3)	Intra-observation Kuiper's test variability probability; HRC wide (~0.1-10.0 keV) energy band	(observation_source.kp_prob_w)	[""]	[]
#Column	var_sigma_w	(F9.4)	Flux variability standard deviation, calculated from an optimally-binned light curve; HRC wide (~0.1-10.0 keV) energy band	(observation_source.var_sigma_w)	["count/s"]	[]
#Column	var_mean_w	(F9.4)	Flux variability mean value, calculated from an optimally-binned light curve; HRC wide (~0.1-10.0 keV) energy band	(observation_source.var_mean_w)	["count/s"]	[]
#Column	var_min_w	(F9.4)	Flux variability minimum value, calculated from an optimally-binned light curve; HRC wide (~0.1-10.0 keV) energy band	(observation_source.var_min_w)	["count/s"]	[]
#Column	var_max_w	(F9.4)	Flux variability maximum value, calculated from an optimally-binned light curve; HRC wide (~0.1-10.0 keV) energy band	(observation_source.var_max_w)	["count/s"]	[]
#Column	livetime	(F9.1)	Effective single observation exposure time, after applying the good time intervals and the deadtime correction factor; vignetting and dead area corrections are NOT applied	(observation_source.livetime)	["s"]	[]
#Column	detector	(A15)	Detector elements over which the background region bounding box dithers during the observation	(observation_source.detector)	[""]	[]
#Column	match_type	(A1)	Type of match between master source and stacked observation detection; u = unique match, a = ambiguous match; n = non-detection	(master_stack_assoc.match_type)	[""]	[meta.code]
#Column	cnts_aper_b	(I11)	Total counts observed in the modified source region aperture; ACIS broad (0.5-7.0 keV) energy band	(observation_source.cnts_aper_b)	["count"]	[]
#Column	cnts_aperbkg_b	(I11)	Total counts observed in the modified background region aperture; ACIS broad (0.5-7.0 keV) energy band	(observation_source.cnts_aperbkg_b)	["count"]	[]
#Column	cnts_aper_h	(I11)	Total counts observed in the modified source region aperture; ACIS hard (2.0-7.0 keV) energy band	(observation_source.cnts_aper_h)	["count"]	[]
#Column	cnts_aperbkg_h	(I11)	Total counts observed in the modified background region aperture; ACIS hard (2.0-7.0 keV) energy band	(observation_source.cnts_aperbkg_h)	["count"]	[]
#Column	cnts_aper_m	(I11)	Total counts observed in the modified source region aperture; ACIS medium (1.2-2.0 keV) energy band	(observation_source.cnts_aper_m)	["count"]	[]
#Column	cnts_aperbkg_m	(I11)	Total counts observed in the modified background region aperture; ACIS medium (1.2-2.0 keV) energy band	(observation_source.cnts_aperbkg_m)	["count"]	[]
#Column	cnts_aper_s	(I11)	Total counts observed in the modified source region aperture; ACIS soft (0.5-1.2 keV) energy band	(observation_source.cnts_aper_s)	["count"]	[]
#Column	cnts_aperbkg_s	(I11)	Total counts observed in the modified background region aperture; ACIS soft (0.5-1.2 keV) energy band	(observation_source.cnts_aperbkg_s)	["count"]	[]
#Column	cnts_aper_u	(I11)	Total counts observed in the modified source region aperture; ACIS ultrasoft (0.2-0.5 keV) energy band	(observation_source.cnts_aper_u)	["count"]	[]
#Column	cnts_aperbkg_u	(I11)	Total counts observed in the modified background region aperture; ACIS ultrasoft (0.2-0.5 keV) energy band	(observation_source.cnts_aperbkg_u)	["count"]	[]
#Column	cnts_aper_w	(I11)	Total counts observed in the modified source region aperture; HRC wide (~0.1-10.0 keV) energy band	(observation_source.cnts_aper_w)	["count"]	[]
#Column	cnts_aperbkg_w	(I11)	Total counts observed in the modified background region aperture; HRC wide (~0.1-10.0 keV) energy band	(observation_source.cnts_aperbkg_w)	["count"]	[]
#Column	significance	(F9.2)	Highest flux significance (S/N) across all stacked observations and energy bands	(master_source.significance)	[""]	[]
#Column	likelihood	(E9.6)	Highest detection log likelihood across all stacked observations and energy bands	(master_source.likelihood)	[""]	[]
#Column	pileup_flag	(A5)	ACIS pile-up fraction exceeds ~ 10% in all observations; source properties may be affected	(master_source.pileup_flag)	[""]	[]
#Column	mstr_sat_src_flag	(A5)	Source is saturated in all observations; source properties are unreliable	(master_source.mstr_sat_src_flag)	[""]	[]
#Column	mstr_streak_src_flag	(A5)	Source is located on an ACIS readout streak in all observations; source properties may be affected	(master_source.mstr_streak_src_flag)	[""]	[]
#Column	mstr_flux_aper_b	(E9.3)	Aperture-corrected net energy flux inferred from the source region aperture, best estimate derived from the longest block of a multi-band, flux-ordered Bayesian Block analysis of the contributing observations, and calculated by counting X-ray events; ACIS broad (0.5-7.0 keV) energy band	(master_source.mstr_flux_aper_b)	["erg/s/cm^2"]	[]
#Column	mstr_flux_aper_lolim_b	(E9.3)	Aperture-corrected net energy flux inferred from the source region aperture, best estimate derived from the longest block of a multi-band, flux-ordered Bayesian Block analysis of the contributing observations, and calculated by counting X-ray events (68% lower confidence limit); ACIS broad (0.5-7.0 keV) energy band	(master_source.mstr_flux_aper_lolim_b)	["erg/s/cm^2"]	[]
#Column	mstr_flux_aper_hilim_b	(E9.3)	Aperture-corrected net energy flux inferred from the source region aperture, best estimate derived from the longest block of a multi-band, flux-ordered Bayesian Block analysis of the contributing observations, and calculated by counting X-ray events (68% upper confidence limit); ACIS broad (0.5-7.0 keV) energy band	(master_source.mstr_flux_aper_hilim_b)	["erg/s/cm^2"]	[]
#Column	var_inter_index_b	(I2)	Inter-observation variability index in the range [0, 10]: indicates whether the source region photon flux is constant between observations; ACIS broad (0.5-7.0 keV) energy band	(master_source.var_inter_index_b)	[""]	[]
#Column	var_inter_prob_b	(F9.3)	Inter-observation variability probability, calculated from the chi^2 distribution of the photon fluxes of the individual observations; ACIS broad (0.5-7.0 keV) energy band	(master_source.var_inter_prob_b)	[""]	[]
#Column	var_inter_sigma_b	(F9.4)	Inter-observation flux variability standard deviation; the spread of the individual observation photon fluxes about the error weighted mean; ACIS broad (0.5-7.0 keV) energy band	(master_source.var_inter_sigma_b)	["photon/s/cm^2"]	[]
#Column	var_inter_index_h	(I2)	Inter-observation variability index in the range [0, 10]: indicates whether the source region photon flux is constant between observations; ACIS hard (2.0-7.0 keV) energy band	(master_source.var_inter_index_h)	[""]	[]
#Column	var_inter_prob_h	(F9.3)	Inter-observation variability probability, calculated from the chi^2 distribution of the photon fluxes of the individual observations; ACIS hard (2.0-7.0 keV) energy band	(master_source.var_inter_prob_h)	[""]	[]
#Column	var_inter_sigma_h	(F9.4)	Inter-observation flux variability standard deviation; the spread of the individual observation photon fluxes about the error weighted mean; ACIS hard (2.0-7.0 keV) energy band	(master_source.var_inter_sigma_h)	["photon/s/cm^2"]	[]
#Column	var_inter_index_m	(I2)	Inter-observation variability index in the range [0, 10]: indicates whether the source region photon flux is constant between observations; ACIS medium (1.2-2.0 keV) energy band	(master_source.var_inter_index_m)	[""]	[]
#Column	var_inter_prob_m	(F9.3)	Inter-observation variability probability, calculated from the chi^2 distribution of the photon fluxes of the individual observations; ACIS medium (1.2-2.0 keV) energy band	(master_source.var_inter_prob_m)	[""]	[]
#Column	var_inter_sigma_m	(F9.4)	Inter-observation flux variability standard deviation; the spread of the individual observation photon fluxes about the error weighted mean; ACIS medium (1.2-2.0 keV) energy band	(master_source.var_inter_sigma_m)	["photon/s/cm^2"]	[]
#Column	var_inter_index_s	(I2)	Inter-observation variability index in the range [0, 10]: indicates whether the source region photon flux is constant between observations; ACIS soft (0.5-1.2 keV) energy band	(master_source.var_inter_index_s)	[""]	[]
#Column	var_inter_prob_s	(F9.3)	Inter-observation variability probability, calculated from the chi^2 distribution of the photon fluxes of the individual observations; ACIS soft (0.5-1.2 keV) energy band	(master_source.var_inter_prob_s)	[""]	[]
#Column	var_inter_sigma_s	(F9.4)	Inter-observation flux variability standard deviation; the spread of the individual observation photon fluxes about the error weighted mean; ACIS soft (0.5-1.2 keV) energy band	(master_source.var_inter_sigma_s)	["photon/s/cm^2"]	[]
#Column	var_inter_index_u	(I2)	Inter-observation variability index in the range [0, 10]: indicates whether the source region photon flux is constant between observations; ACIS ultrasoft (0.2-0.5 keV) energy band	(master_source.var_inter_index_u)	[""]	[]
#Column	var_inter_prob_u	(F9.3)	Inter-observation variability probability, calculated from the chi^2 distribution of the photon fluxes of the individual observations; ACIS ultrasoft (0.2-0.5 keV) energy band	(master_source.var_inter_prob_u)	[""]	[]
#Column	var_inter_sigma_u	(F9.4)	Inter-observation flux variability standard deviation; the spread of the individual observation photon fluxes about the error weighted mean; ACIS ultrasoft (0.2-0.5 keV) energy band	(master_source.var_inter_sigma_u)	["photon/s/cm^2"]	[]
#Column	var_inter_index_w	(I2)	Inter-observation variability index in the range [0, 10]: indicates whether the source region photon flux is constant between observations; HRC wide (~0.1-10.0 keV) energy band	(master_source.var_inter_index_w)	[""]	[]
#Column	var_inter_prob_w	(F9.3)	Inter-observation variability probability, calculated from the chi^2 distribution of the photon fluxes of the individual observations; HRC wide (~0.1-10.0 keV) energy band	(master_source.var_inter_prob_w)	[""]	[]
#Column	var_inter_sigma_w	(F9.4)	Inter-observation flux variability standard deviation; the spread of the individual observation photon fluxes about the error weighted mean; HRC wide (~0.1-10.0 keV) energy band	(master_source.var_inter_sigma_w)	["photon/s/cm^2"]	[]
#Column	acis_num	(I4)	Total number of ACIS imaging observations contributing to the Master Sources Table record of the source	(master_source.acis_num)	[""]	[]
#Column	acis_hetg_num	(I4)	Total number of ACIS/HETG  observations contributing to the Master Sources Table record of the source	(master_source.acis_hetg_num)	[""]	[]
#Column	acis_letg_num	(I4)	Total number of ACIS/LETG  observations contributing to the Master Sources Table record of the source	(master_source.acis_letg_num)	[""]	[]
#Column	hrc_num	(I4)	Total number of HRC imaging observations contributing to the Master Sources Table record of the source	(master_source.hrc_num)	[""]	[]
#Column	hrc_hetg_num	(I4)	Total number of HRC/HETG  observations contributing to the Master Sources Table record of the source	(master_source.hrc_hetg_num)	[""]	[]
#Column	hrc_letg_num	(I4)	Total number of HRC/LETG  observations contributing to the Master Sources Table record of the source	(master_source.hrc_letg_num)	[""]	[]
sepn	instrument	detect_stack_id	name	ra	dec	obsid	obi	src_rate_aper_m	src_rate_aper_lolim_m	src_rate_aper_hilim_m	src_cnts_aper_u	src_cnts_aper_lolim_u	src_cnts_aper_hilim_u	photflux_aper_w	photflux_aper_lolim_w	photflux_aper_hilim_w	photflux_aper_s	photflux_aper_lolim_s	photflux_aper_hilim_s	flux_aper_s	flux_aper_lolim_s	flux_aper_hilim_s	streak_src_flag	src_cnts_aper_h	src_cnts_aper_lolim_h	src_cnts_aper_hilim_h	sat_src_flag	src_rate_aper_s	src_rate_aper_lolim_s	src_rate_aper_hilim_s	src_cnts_aper_w	src_cnts_aper_lolim_w	src_cnts_aper_hilim_w	likelihood_b	likelihood_h	likelihood_m	likelihood_s	likelihood_u	likelihood_w	gti_start	gti_stop	gti_elapse	gti_obs	gti_end	gti_mjd_obs	mjd_ref	photflux_aper_b	photflux_aper_lolim_b	photflux_aper_hilim_b	src_rate_aper_b	src_rate_aper_lolim_b	src_rate_aper_hilim_b	dither_warning_flag	theta	phi	src_rate_aper_w	src_rate_aper_lolim_w	src_rate_aper_hilim_w	region_id	flux_aper_h	flux_aper_lolim_h	flux_aper_hilim_h	src_cnts_aper_m	src_cnts_aper_lolim_m	src_cnts_aper_hilim_m	photflux_aper_u	photflux_aper_lolim_u	photflux_aper_hilim_u	src_cnts_aper_s	src_cnts_aper_lolim_s	src_cnts_aper_hilim_s	src_rate_aper_h	src_rate_aper_lolim_h	src_rate_aper_hilim_h	flux_significance_b	flux_significance_h	flux_significance_m	flux_significance_s	flux_significance_u	flux_significance_w	src_rate_aper_u	src_rate_aper_lolim_u	src_rate_aper_hilim_u	flux_aper_b	flux_aper_lolim_b	flux_aper_hilim_b	flux_aper_u	flux_aper_lolim_u	flux_aper_hilim_u	flux_aper_m	flux_aper_lolim_m	flux_aper_hilim_m	flux_aper_w	flux_aper_lolim_w	flux_aper_hilim_w	photflux_aper_h	photflux_aper_lolim_h	photflux_aper_hilim_h	src_cnts_aper_b	src_cnts_aper_lolim_b	src_cnts_aper_hilim_b	photflux_aper_m	photflux_aper_lolim_m	photflux_aper_hilim_m	hard_hm	hard_hm_lolim	hard_hm_hilim	hard_hs	hard_hs_lolim	hard_hs_hilim	hard_ms	hard_ms_lolim	hard_ms_hilim	flux_powlaw	flux_powlaw_lolim	flux_powlaw_hilim	powlaw_gamma	powlaw_gamma_lolim	powlaw_gamma_hilim	powlaw_gamma_rhat	powlaw_nh	powlaw_nh_lolim	powlaw_nh_hilim	powlaw_nh_rhat	powlaw_ampl	powlaw_ampl_lolim	powlaw_ampl_hilim	powlaw_ampl_rhat	powlaw_stat	flux_bb	flux_bb_lolim	flux_bb_hilim	bb_kt	bb_kt_lolim	bb_kt_hilim	bb_kt_rhat	bb_nh	bb_nh_lolim	bb_nh_hilim	bb_nh_rhat	bb_ampl	bb_ampl_lolim	bb_ampl_hilim	bb_ampl_rhat	bb_stat	flux_brems	flux_brems_lolim	flux_brems_hilim	brems_kt	brems_kt_lolim	brems_kt_hilim	brems_kt_rhat	brems_nh	brems_nh_lolim	brems_nh_hilim	brems_nh_rhat	brems_norm	brems_norm_lolim	brems_norm_hilim	brems_norm_rhat	brems_stat	flux_apec	flux_apec_lolim	flux_apec_hilim	apec_kt	apec_kt_lolim	apec_kt_hilim	apec_kt_rhat	apec_abund	apec_abund_lolim	apec_abund_hilim	apec_abund_rhat	apec_z	apec_z_lolim	apec_z_hilim	apec_z_rhat	apec_nh	apec_nh_lolim	apec_nh_hilim	apec_nh_rhat	apec_norm	apec_norm_lolim	apec_norm_hilim	apec_norm_rhat	apec_stat	var_index_b	var_prob_b	ks_prob_b	kp_prob_b	var_sigma_b	var_mean_b	var_min_b	var_max_b	var_index_h	var_prob_h	ks_prob_h	kp_prob_h	var_sigma_h	var_mean_h	var_min_h	var_max_h	var_index_m	var_prob_m	ks_prob_m	kp_prob_m	var_sigma_m	var_mean_m	var_min_m	var_max_m	var_index_s	var_prob_s	ks_prob_s	kp_prob_s	var_sigma_s	var_mean_s	var_min_s	var_max_s	var_index_u	var_prob_u	ks_prob_u	kp_prob_u	var_sigma_u	var_mean_u	var_min_u	var_max_u	var_index_w	var_prob_w	ks_prob_w	kp_prob_w	var_sigma_w	var_mean_w	var_min_w	var_max_w	livetime	detector	match_type	cnts_aper_b	cnts_aperbkg_b	cnts_aper_h	cnts_aperbkg_h	cnts_aper_m	cnts_aperbkg_m	cnts_aper_s	cnts_aperbkg_s	cnts_aper_u	cnts_aperbkg_u	cnts_aper_w	cnts_aperbkg_w	significance	likelihood	pileup_flag	mstr_sat_src_flag	mstr_streak_src_flag	mstr_flux_aper_b	mstr_flux_aper_lolim_b	mstr_flux_aper_hilim_b	var_inter_index_b	var_inter_prob_b	var_inter_sigma_b	var_inter_index_h	var_inter_prob_h	var_inter_sigma_h	var_inter_index_m	var_inter_prob_m	var_inter_sigma_m	var_inter_index_s	var_inter_prob_s	var_inter_sigma_s	var_inter_index_u	var_inter_prob_u	var_inter_sigma_u	var_inter_index_w	var_inter_prob_w	var_inter_sigma_w	acis_num	acis_hetg_num	acis_letg_num	hrc_num	hrc_hetg_num	hrc_letg_num
1.195657e+03	ACIS	acisfJ1158222p123534_001	 2CXO J115825.5+123046	1.796066e+02	1.251281e+01	10314	  0	0.00016464	7.2636e-05	0.00025180	   0.0000	   0.0000	   2.3613	      NaN	      NaN	      NaN	4.335e-07	1.992e-07	6.679e-07	7.646e-16	3.513e-16	1.178e-15	FALSE	   3.2330	  0.67353	   5.7924	FALSE	0.00017924	8.2351e-05	0.00027612	      NaN	      NaN	      NaN	    20.92	     3.10	    13.41	     7.56	      NaN	      NaN	351001031.238	351032266.838	31235.600	2009-02-14T12:17:11	2009-02-14T20:57:47	54876.51194	  50814.0	1.323e-06	8.559e-07	1.764e-06	0.00044064	0.00028512	0.00058752	FALSE	    4.866	   346.29	      NaN	      NaN	      NaN	  33	0.000e+00	0.000e+00	1.450e-15	   5.0755	   2.2392	   7.7625	0.000e+00	0.000e+00	1.856e-06	   5.5254	   2.5387	   8.5121	0.00010487	2.1848e-05	0.00018790	     2.91	     1.26	     1.84	     1.85	     0.00	      NaN	   0.0000	   0.0000	6.9840e-05	1.093e-15	4.556e-17	2.096e-15	0.000e+00	0.000e+00	2.008e-14	7.741e-16	3.415e-16	1.184e-15	      NaN	      NaN	      NaN	2.804e-07	5.842e-08	5.024e-07	   13.584	   8.7895	   18.112	2.968e-07	1.309e-07	4.539e-07	   0.0924	  -0.3542	   0.4553	  -0.1562	  -0.5590	   0.2330	  -0.2249	  -0.5353	   0.1318	      NaN	      NaN	      NaN	      NaN	      NaN	      NaN	      NaN	      NaN	      NaN	      NaN	      NaN	      NaN	      NaN	      NaN	      NaN	      NaN	      NaN	      NaN	      NaN	      NaN	      NaN	      NaN	      NaN	      NaN	      NaN	      NaN	      NaN	      NaN	      NaN	      NaN	      NaN	      NaN	      NaN	      NaN	      NaN	      NaN	      NaN	      NaN	      NaN	      NaN	      NaN	      NaN	      NaN	      NaN	      NaN	      NaN	      NaN	      NaN	      NaN	      NaN	      NaN	      NaN	      NaN	      NaN	      NaN	      NaN	      NaN	      NaN	      NaN	      NaN	      NaN	      NaN	      NaN	      NaN	      NaN	      NaN	      NaN	      NaN	      NaN	      NaN	      NaN	      NaN	 1	    0.522	    0.582	    0.825	5.171e-05	0.0005344	0.0005038	 0.001049	NaN	      NaN	      NaN	      NaN	      NaN	      NaN	      NaN	      NaN	 0	    0.482	    0.016	    0.065	8.830e-06	0.0001670	0.0001617	0.0002439	NaN	      NaN	      NaN	      NaN	      NaN	      NaN	      NaN	      NaN	NaN	      NaN	      NaN	      NaN	      NaN	      NaN	      NaN	      NaN	NaN	      NaN	      NaN	      NaN	      NaN	      NaN	      NaN	      NaN	  30827.5	         ACIS-7	u          	         16	         85	          5	         53	          5	          9	          6	         23	          2	         48	        NaN	        NaN	     2.91	2.091576e+01	FALSE	FALSE	FALSE	1.093e-15	4.556e-17	2.096e-15	NaN	      NaN	      NaN	NaN	      NaN	      NaN	NaN	      NaN	      NaN	NaN	      NaN	      NaN	NaN	      NaN	      NaN	NaN	      NaN	      NaN	   1	   0	   0	   0	   0	   0
1.121390e+03	ACIS	acisfJ1158222p123534_001	 2CXO J115826.5+122918	1.796105e+02	1.248860e+01	10314	  0	0.00021477	0.00010173	0.00032215	   2.1883	   0.0000	   4.4918	      NaN	      NaN	      NaN	2.198e-07	2.637e-08	4.044e-07	3.479e-16	1.581e-17	6.799e-16	FALSE	   10.047	   5.3913	   14.703	FALSE	9.1948e-05	1.1034e-05	0.00016918	      NaN	      NaN	      NaN	    16.59	     6.45	     7.50	      NaN	     0.80	      NaN	351001031.238	351032266.838	31235.600	2009-02-14T12:17:11	2009-02-14T20:57:47	54876.51194	  50814.0	1.886e-06	1.245e-06	2.490e-06	0.00061916	0.00040888	0.00081775	FALSE	    6.337	   346.44	      NaN	      NaN	      NaN	  45	1.304e-14	7.277e-15	1.880e-14	   6.6207	   3.1361	   9.9311	0.000e+00	0.000e+00	2.794e-06	   2.8345	  0.34014	   5.2155	0.00032592	0.00017489	0.00047696	     3.03	     2.16	     1.95	     1.16	     0.00	      NaN	7.0985e-05	   0.0000	0.00014571	1.428e-14	9.427e-15	1.885e-14	2.808e-14	8.152e-15	4.801e-14	1.185e-15	5.773e-16	1.762e-15	      NaN	      NaN	      NaN	8.983e-07	4.820e-07	1.315e-06	   19.087	   12.605	   25.209	3.872e-07	1.834e-07	5.808e-07	   0.4435	   0.1368	   0.6902	   0.6184	   0.3004	   0.8676	   0.1924	  -0.2017	   0.5990	      NaN	      NaN	      NaN	      NaN	      NaN	      NaN	      NaN	      NaN	      NaN	      NaN	      NaN	      NaN	      NaN	      NaN	      NaN	      NaN	      NaN	      NaN	      NaN	      NaN	      NaN	      NaN	      NaN	      NaN	      NaN	      NaN	      NaN	      NaN	      NaN	      NaN	      NaN	      NaN	      NaN	      NaN	      NaN	      NaN	      NaN	      NaN	      NaN	      NaN	      NaN	      NaN	      NaN	      NaN	      NaN	      NaN	      NaN	      NaN	      NaN	      NaN	      NaN	      NaN	      NaN	      NaN	      NaN	      NaN	      NaN	      NaN	      NaN	      NaN	      NaN	      NaN	      NaN	      NaN	      NaN	      NaN	      NaN	      NaN	      NaN	      NaN	      NaN	      NaN	 2	    0.728	    0.957	    0.758	0.0002648	0.0009529	0.0006280	 0.001196	NaN	      NaN	      NaN	      NaN	      NaN	      NaN	      NaN	      NaN	NaN	      NaN	      NaN	      NaN	      NaN	      NaN	      NaN	      NaN	NaN	      NaN	      NaN	      NaN	      NaN	      NaN	      NaN	      NaN	NaN	      NaN	      NaN	      NaN	      NaN	      NaN	      NaN	      NaN	NaN	      NaN	      NaN	      NaN	      NaN	      NaN	      NaN	      NaN	  30827.5	         ACIS-7	u          	         29	        269	         16	        162	          8	         48	          5	         59	          7	        133	        NaN	        NaN	     3.03	1.658827e+01	FALSE	FALSE	FALSE	1.428e-14	9.427e-15	1.885e-14	NaN	      NaN	      NaN	NaN	      NaN	      NaN	NaN	      NaN	      NaN	NaN	      NaN	      NaN	NaN	      NaN	      NaN	NaN	      NaN	      NaN	   1	   0	   0	   0	   0	   0
1.175650e+03	ACIS	acisfJ1158222p123534_001	 2CXO J115828.2+123052	1.796178e+02	1.251469e+01	10314	  0	0.00015864	6.5323e-05	0.00025196	   0.0000	   0.0000	   2.8015	      NaN	      NaN	      NaN	2.943e-07	9.459e-08	4.835e-07	4.514e-16	1.215e-16	7.813e-16	FALSE	   6.8840	   2.9257	   10.842	FALSE	0.00012269	3.9437e-05	0.00020156	      NaN	      NaN	      NaN	    12.63	     4.43	     7.65	      NaN	      NaN	      NaN	351001031.238	351032266.838	31235.600	2009-02-14T12:17:11	2009-02-14T20:57:47	54876.51194	  50814.0	1.474e-06	9.324e-07	1.985e-06	0.00049320	0.00031202	0.00066430	FALSE	    4.911	   338.46	      NaN	      NaN	      NaN	  49	2.703e-15	2.350e-16	5.170e-15	   4.8905	   2.0138	   7.7673	0.000e+00	0.000e+00	1.919e-06	   3.7823	   1.2157	   6.2137	0.00022331	9.4906e-05	0.00035171	     2.80	     1.78	     1.70	     1.51	     0.00	      NaN	   0.0000	   0.0000	8.0072e-05	3.682e-15	1.453e-15	5.910e-15	0.000e+00	0.000e+00	1.252e-14	6.251e-16	2.344e-16	1.016e-15	      NaN	      NaN	      NaN	6.106e-07	2.681e-07	9.531e-07	   15.204	   9.6188	   20.479	2.845e-07	1.171e-07	4.518e-07	   0.4335	   0.0656	   0.7189	   0.3873	  -0.0019	   0.7052	  -0.0725	  -0.4516	   0.3392	      NaN	      NaN	      NaN	      NaN	      NaN	      NaN	      NaN	      NaN	      NaN	      NaN	      NaN	      NaN	      NaN	      NaN	      NaN	      NaN	      NaN	      NaN	      NaN	      NaN	      NaN	      NaN	      NaN	      NaN	      NaN	      NaN	      NaN	      NaN	      NaN	      NaN	      NaN	      NaN	      NaN	      NaN	      NaN	      NaN	      NaN	      NaN	      NaN	      NaN	      NaN	      NaN	      NaN	      NaN	      NaN	      NaN	      NaN	      NaN	      NaN	      NaN	      NaN	      NaN	      NaN	      NaN	      NaN	      NaN	      NaN	      NaN	      NaN	      NaN	      NaN	      NaN	      NaN	      NaN	      NaN	      NaN	      NaN	      NaN	      NaN	      NaN	      NaN	      NaN	 1	    0.637	    0.672	    0.886	0.0002373	0.0007597	0.0005320	 0.001758	NaN	      NaN	      NaN	      NaN	      NaN	      NaN	      NaN	      NaN	NaN	      NaN	      NaN	      NaN	      NaN	      NaN	      NaN	      NaN	NaN	      NaN	      NaN	      NaN	      NaN	      NaN	      NaN	      NaN	NaN	      NaN	      NaN	      NaN	      NaN	      NaN	      NaN	      NaN	NaN	      NaN	      NaN	      NaN	      NaN	      NaN	      NaN	      NaN	  30827.5	         ACIS-7	u          	         23	        214	         12	        137	          6	         40	          5	         37	          4	        111	        NaN	        NaN	     2.80	1.263193e+01	FALSE	FALSE	FALSE	3.682e-15	1.453e-15	5.910e-15	NaN	      NaN	      NaN	NaN	      NaN	      NaN	NaN	      NaN	      NaN	NaN	      NaN	      NaN	NaN	      NaN	      NaN	NaN	      NaN	      NaN	   1	   0	   0	   0	   0	   0
1.142030e+03	ACIS	acisfJ1158222p123534_001	 2CXO J115851.2+123325	1.797134e+02	1.255717e+01	10314	  0	0.00018978	8.4345e-05	0.00028994	   0.0000	   0.0000	   2.4836	      NaN	      NaN	      NaN	6.937e-07	2.056e-07	1.182e-06	5.669e-15	1.955e-15	9.188e-15	FALSE	   4.4056	  0.75959	   8.0517	FALSE	0.00010568	2.8452e-05	0.00017884	      NaN	      NaN	      NaN	    14.76	     2.17	    16.42	      NaN	      NaN	      NaN	351001031.238	351032266.838	31235.600	2009-02-14T12:17:11	2009-02-14T20:57:47	54876.51194	  50814.0	1.893e-06	1.136e-06	2.650e-06	0.00043817	0.00026290	0.00061344	FALSE	    7.384	   282.69	      NaN	      NaN	      NaN	  43	0.000e+00	0.000e+00	3.632e-15	   5.8474	   2.5988	   8.9335	0.000e+00	0.000e+00	1.058e-04	   3.2562	  0.87667	   5.5105	0.00014298	2.4652e-05	0.00026132	     2.50	     1.18	     1.85	     1.42	     0.00	      NaN	   0.0000	   0.0000	6.0453e-05	8.445e-15	4.331e-15	1.256e-14	0.000e+00	0.000e+00	8.514e-15	1.110e-15	4.757e-16	1.713e-15	      NaN	      NaN	      NaN	4.348e-07	5.997e-08	7.946e-07	   13.501	   8.1006	   18.901	4.722e-07	2.099e-07	7.214e-07	   0.1162	  -0.3379	   0.4753	  -0.2311	  -0.6415	   0.2067	  -0.3148	  -0.6252	   0.0968	      NaN	      NaN	      NaN	      NaN	      NaN	      NaN	      NaN	      NaN	      NaN	      NaN	      NaN	      NaN	      NaN	      NaN	      NaN	      NaN	      NaN	      NaN	      NaN	      NaN	      NaN	      NaN	      NaN	      NaN	      NaN	      NaN	      NaN	      NaN	      NaN	      NaN	      NaN	      NaN	      NaN	      NaN	      NaN	      NaN	      NaN	      NaN	      NaN	      NaN	      NaN	      NaN	      NaN	      NaN	      NaN	      NaN	      NaN	      NaN	      NaN	      NaN	      NaN	      NaN	      NaN	      NaN	      NaN	      NaN	      NaN	      NaN	      NaN	      NaN	      NaN	      NaN	      NaN	      NaN	      NaN	      NaN	      NaN	      NaN	      NaN	      NaN	      NaN	      NaN	 2	    0.770	    0.076	    0.150	0.0001697	0.0008125	0.0006853	 0.001954	NaN	      NaN	      NaN	      NaN	      NaN	      NaN	      NaN	      NaN	 2	    0.709	    0.174	    0.455	3.969e-05	0.0002579	0.0002281	0.0005148	NaN	      NaN	      NaN	      NaN	      NaN	      NaN	      NaN	      NaN	NaN	      NaN	      NaN	      NaN	      NaN	      NaN	      NaN	      NaN	NaN	      NaN	      NaN	      NaN	      NaN	      NaN	      NaN	      NaN	  30812.0	         ACIS-3	u          	         22	        164	         11	        117	          7	         30	          4	         17	          1	          4	        NaN	        NaN	     2.50	1.641950e+01	FALSE	FALSE	FALSE	8.445e-15	4.331e-15	1.256e-14	NaN	      NaN	      NaN	NaN	      NaN	      NaN	NaN	      NaN	      NaN	NaN	      NaN	      NaN	NaN	      NaN	      NaN	NaN	      NaN	      NaN	   1	   0	   0	   0	   0	   0
9.487560e+02	ACIS	acisfJ1158222p123534_001	 2CXO J115855.7+123024	1.797322e+02	1.250671e+01	10314	  0	0.0010742	0.00084938	0.0012990	   3.7807	   1.2152	   6.2111	      NaN	      NaN	      NaN	5.045e-06	3.951e-06	6.140e-06	7.550e-15	5.633e-15	9.468e-15	FALSE	   15.016	   9.0098	   21.023	FALSE	0.00096208	0.00075344	0.0011707	      NaN	      NaN	      NaN	   148.47	    19.43	    83.90	    65.28	      NaN	      NaN	351001031.238	351032266.838	31235.600	2009-02-14T12:17:11	2009-02-14T20:57:47	54876.51194	  50814.0	1.125e-05	9.602e-06	1.279e-05	0.0025107	0.0021406	0.0028591	FALSE	    9.665	   298.17	      NaN	      NaN	      NaN	   2	0.000e+00	0.000e+00	4.141e-15	   33.099	   26.171	   40.026	6.518e-05	2.095e-05	1.071e-04	   29.644	   23.215	   36.072	0.00048736	0.00029241	0.00068230	     7.05	     2.61	     4.97	     4.61	     1.51	      NaN	0.00012270	3.9440e-05	0.00020158	1.550e-14	1.101e-14	1.999e-14	      NaN	      NaN	      NaN	7.067e-15	5.588e-15	8.547e-15	      NaN	      NaN	      NaN	1.620e-06	9.999e-07	2.241e-06	   77.361	   65.957	   88.094	2.661e-06	2.110e-06	3.181e-06	  -0.2261	  -0.4391	  -0.0369	  -0.5247	  -0.6827	  -0.3641	  -0.3273	  -0.4516	  -0.1905	      NaN	      NaN	      NaN	      NaN	      NaN	      NaN	      NaN	      NaN	      NaN	      NaN	      NaN	      NaN	      NaN	      NaN	      NaN	      NaN	      NaN	      NaN	      NaN	      NaN	      NaN	      NaN	      NaN	      NaN	      NaN	      NaN	      NaN	      NaN	      NaN	      NaN	      NaN	      NaN	      NaN	      NaN	      NaN	      NaN	      NaN	      NaN	      NaN	      NaN	      NaN	      NaN	      NaN	      NaN	      NaN	      NaN	      NaN	      NaN	      NaN	      NaN	      NaN	      NaN	      NaN	      NaN	      NaN	      NaN	      NaN	      NaN	      NaN	      NaN	      NaN	      NaN	      NaN	      NaN	      NaN	      NaN	      NaN	      NaN	      NaN	      NaN	      NaN	      NaN	 0	    0.225	    0.900	    0.929	0.0002147	 0.003065	 0.002946	 0.004563	 1	    0.507	    0.449	    0.122	0.0001044	0.0008805	0.0008288	 0.001608	 0	    0.343	    0.926	    0.953	8.371e-05	 0.001141	 0.001099	 0.001740	 1	    0.549	    0.628	    0.170	0.0001284	 0.001044	0.0009848	 0.001967	NaN	      NaN	      NaN	      NaN	      NaN	      NaN	      NaN	      NaN	NaN	      NaN	      NaN	      NaN	      NaN	      NaN	      NaN	      NaN	  30812.0	         ACIS-3	u          	         94	        472	         27	        320	         35	         71	         32	         81	          5	         39	        NaN	        NaN	     7.05	1.484742e+02	FALSE	FALSE	FALSE	1.550e-14	1.101e-14	1.999e-14	NaN	      NaN	      NaN	NaN	      NaN	      NaN	NaN	      NaN	      NaN	NaN	      NaN	      NaN	NaN	      NaN	      NaN	NaN	      NaN	      NaN	   1	   0	   0	   0	   0	   0
1.008389e+03	ACIS	acisfJ1158222p123534_001	 2CXO J115859.9+123147	1.797498e+02	1.252974e+01	10314	  0	0.00049482	0.00032988	0.00065060	   2.5005	  0.41676	   4.4801	      NaN	      NaN	      NaN	7.611e-07	2.827e-07	1.218e-06	0.000e+00	0.000e+00	7.049e-16	FALSE	   23.651	   16.719	   30.583	FALSE	0.00016161	6.0028e-05	0.00025858	      NaN	      NaN	      NaN	    47.46	    22.39	    24.40	     2.97	      NaN	      NaN	351001031.238	351032266.838	31235.600	2009-02-14T12:17:11	2009-02-14T20:57:47	54876.51194	  50814.0	5.770e-06	4.548e-06	6.992e-06	0.0013528	0.0010663	0.0016392	FALSE	    9.946	   288.22	      NaN	      NaN	      NaN	  34	1.591e-14	9.544e-15	2.227e-14	   15.246	   10.164	   20.046	2.832e-05	3.694e-06	5.171e-05	   4.9796	   1.8496	   7.9674	0.00076760	0.00054261	0.00099258	     4.72	     3.35	     3.09	     1.63	     1.18	      NaN	8.1155e-05	1.3526e-05	0.00014540	1.839e-14	1.281e-14	2.397e-14	      NaN	      NaN	      NaN	2.701e-15	1.784e-15	3.567e-15	      NaN	      NaN	      NaN	2.312e-06	1.623e-06	3.002e-06	   41.682	   32.855	   50.508	1.151e-06	7.673e-07	1.513e-06	   0.3485	   0.1455	   0.5290	   0.4797	   0.2267	   0.7189	   0.1287	  -0.1605	   0.4566	      NaN	      NaN	      NaN	      NaN	      NaN	      NaN	      NaN	      NaN	      NaN	      NaN	      NaN	      NaN	      NaN	      NaN	      NaN	      NaN	      NaN	      NaN	      NaN	      NaN	      NaN	      NaN	      NaN	      NaN	      NaN	      NaN	      NaN	      NaN	      NaN	      NaN	      NaN	      NaN	      NaN	      NaN	      NaN	      NaN	      NaN	      NaN	      NaN	      NaN	      NaN	      NaN	      NaN	      NaN	      NaN	      NaN	      NaN	      NaN	      NaN	      NaN	      NaN	      NaN	      NaN	      NaN	      NaN	      NaN	      NaN	      NaN	      NaN	      NaN	      NaN	      NaN	      NaN	      NaN	      NaN	      NaN	      NaN	      NaN	      NaN	      NaN	      NaN	      NaN	 0	    0.236	    0.522	    0.223	0.0001097	 0.001804	 0.001745	 0.002459	 0	    0.326	    0.430	    0.200	6.987e-05	 0.001031	0.0009995	 0.001553	 1	    0.564	    0.164	    0.507	6.364e-05	0.0005478	0.0005155	 0.001097	NaN	      NaN	      NaN	      NaN	      NaN	      NaN	      NaN	      NaN	NaN	      NaN	      NaN	      NaN	      NaN	      NaN	      NaN	      NaN	NaN	      NaN	      NaN	      NaN	      NaN	      NaN	      NaN	      NaN	  30812.0	         ACIS-3	u          	         56	        396	         32	        264	         17	         71	          7	         61	          3	         19	        NaN	        NaN	     4.72	4.745622e+01	FALSE	FALSE	FALSE	1.839e-14	1.281e-14	2.397e-14	NaN	      NaN	      NaN	NaN	      NaN	      NaN	NaN	      NaN	      NaN	NaN	      NaN	      NaN	NaN	      NaN	      NaN	NaN	      NaN	      NaN	   1	   0	   0	   0	   0	   0
8.208583e+02	ACIS	acisfJ1158222p123534_001	 2CXO J115915.3+122915	1.798141e+02	1.248766e+01	10314	  0	0.00074756	0.00052062	0.00097450	   0.0000	   0.0000	   3.9621	      NaN	      NaN	      NaN	3.541e-06	2.446e-06	4.635e-06	5.651e-15	2.898e-15	8.405e-15	FALSE	   26.929	   16.063	   37.322	FALSE	0.00070371	0.00048620	0.00092122	      NaN	      NaN	      NaN	    22.88	     1.27	    23.78	     8.41	     0.93	      NaN	351001031.238	351032266.838	31235.600	2009-02-14T12:17:11	2009-02-14T20:57:47	54876.51194	  50814.0	1.063e-05	8.405e-06	1.285e-05	0.0022434	0.0017739	0.0027130	FALSE	   14.418	   291.80	      NaN	      NaN	      NaN	  57	9.884e-15	0.000e+00	2.018e-14	   23.034	   16.041	   30.026	0.000e+00	0.000e+00	4.072e-05	   21.683	   14.981	   28.385	0.00087397	0.00052132	0.0012113	     4.78	     2.53	     3.29	     3.24	     0.00	      NaN	   0.0000	   0.0000	0.00012859	2.007e-14	9.124e-15	3.102e-14	      NaN	      NaN	      NaN	4.863e-15	3.387e-15	6.339e-15	      NaN	      NaN	      NaN	3.061e-06	1.826e-06	4.242e-06	   69.124	   54.656	   83.592	1.900e-06	1.323e-06	2.477e-06	   0.2773	   0.0219	   0.4866	  -0.0537	  -0.3129	   0.1880	  -0.3210	  -0.5053	  -0.1143	      NaN	      NaN	      NaN	      NaN	      NaN	      NaN	      NaN	      NaN	      NaN	      NaN	      NaN	      NaN	      NaN	      NaN	      NaN	      NaN	      NaN	      NaN	      NaN	      NaN	      NaN	      NaN	      NaN	      NaN	      NaN	      NaN	      NaN	      NaN	      NaN	      NaN	      NaN	      NaN	      NaN	      NaN	      NaN	      NaN	      NaN	      NaN	      NaN	      NaN	      NaN	      NaN	      NaN	      NaN	      NaN	      NaN	      NaN	      NaN	      NaN	      NaN	      NaN	      NaN	      NaN	      NaN	      NaN	      NaN	      NaN	      NaN	      NaN	      NaN	      NaN	      NaN	      NaN	      NaN	      NaN	      NaN	      NaN	      NaN	      NaN	      NaN	      NaN	      NaN	 0	    0.061	    0.231	    0.507	6.809e-06	 0.005067	 0.005059	 0.005080	NaN	      NaN	      NaN	      NaN	      NaN	      NaN	      NaN	      NaN	 0	    0.291	    0.863	    0.861	7.809e-05	 0.001177	 0.001135	 0.001705	NaN	      NaN	      NaN	      NaN	      NaN	      NaN	      NaN	      NaN	NaN	      NaN	      NaN	      NaN	      NaN	      NaN	      NaN	      NaN	NaN	      NaN	      NaN	      NaN	      NaN	      NaN	      NaN	      NaN	  30812.0	         ACIS-3	u          	        155	       1939	         85	       1325	         36	        315	         34	        299	          8	        176	        NaN	        NaN	     4.78	2.377783e+01	FALSE	FALSE	FALSE	2.007e-14	9.124e-15	3.102e-14	NaN	      NaN	      NaN	NaN	      NaN	      NaN	NaN	      NaN	      NaN	NaN	      NaN	      NaN	NaN	      NaN	      NaN	NaN	      NaN	      NaN	   1	   0	   0	   0	   0	   0
